,fedfunds,m2,pce_yoy,SP500,Nasdaq100,Gold_ETF,TBond_20Y,Bitcoin,DXY,VIX,cycle,SP500_ret,Nasdaq100_ret,Gold_ETF_ret,TBond_20Y_ret,Bitcoin_ret,DXY_ret,VIX_ret,real_rate
1993-01-31,3.02,3419.1,,,,,,,,,neutral,,,,,,,,
1993-02-28,3.03,3414.5,,,,,,,,,neutral,,,,,,,,
1993-03-31,3.07,3411.7,,,,,,,,,neutral,,,,,,,,
1993-04-30,2.96,3411.3,,,,,,,,,neutral,,,,,,,,
1993-05-31,3.0,3436.9,,,,,,,,,neutral,,,,,,,,
1993-06-30,3.04,3442.4,,,,,,,,,neutral,,,,,,,,
1993-07-31,3.06,3442.0,,,,,,,,,hike,,,,,,,,
1993-08-31,3.03,3445.7,,,,,,,,,neutral,,,,,,,,
1993-09-30,3.09,3452.2,,,,,,,,,neutral,,,,,,,,
1993-10-31,2.99,3456.7,,,,,,,,,neutral,,,,,,,,
1993-11-30,3.02,3470.1,,,,,,,,,neutral,,,,,,,,
1993-12-31,2.96,3474.5,,,,,,,,,neutral,,,,,,,,
1994-01-31,3.05,3474.9,1.977243051669464,,,,,,,,neutral,,,,,,,,1.072756948330536
1994-02-28,3.25,3475.7,2.059631532384487,,,,,,,,neutral,,,,,,,,1.1903684676155128
1994-03-31,3.34,3480.1,2.1313176685614943,,,,,,,,hike,,,,,,,,1.2086823314385056
1994-04-30,3.56,3481.3,1.980442741723687,,,,,,,,hike,,,,,,,,1.579557258276313
1994-05-31,4.01,3490.8,1.8141776908505716,,,,,,,,hike,,,,,,,,2.1958223091494284
1994-06-30,4.25,3479.5,2.0275575398352785,,,,,,,,hike,,,,,,,,2.2224424601647215
1994-07-31,4.26,3488.2,2.185708357029758,,,,,,,,hike,,,,,,,,2.0742916429702416
1994-08-31,4.47,3485.7,2.2464324075494924,,,,,,,,hike,,,,,,,,2.2235675924505074
1994-09-30,4.73,3486.1,2.2532879610043244,,,,,,,,hike,,,,,,,,2.476712038995676
1994-10-31,4.76,3484.3,2.1056491908989505,,,,,,,,hike,,,,,,,,2.6543508091010493
1994-11-30,5.29,3487.2,2.106242469534969,,,,,,,,hike,,,,,,,,3.183757530465031
1994-12-31,5.45,3486.4,2.148455368851221,,,,,,,,hike,,,,,,,,3.3015446311487793
1995-01-31,5.53,3492.4,2.321504786293516,,,,,,,,hike,,,,,,,,3.208495213706484
1995-02-28,5.92,3489.9,2.265952916844083,,,,,,,,hike,,,,,,,,3.654047083155917
1995-03-31,5.98,3491.1,2.173286622078652,,,,,,,,hike,,,,,,,,3.8067133779213482
1995-04-30,6.05,3499.2,2.320684692872832,,,,,,,,hike,,,,,,,,3.729315307127168
1995-05-31,6.01,3524.2,2.329415679690205,,,,,,,,neutral,,,,,,,,3.6805843203097948
1995-06-30,6.0,3548.9,2.180408015451452,,,,,,,,neutral,,,,,,,,3.819591984548548
1995-07-31,5.85,3567.4,1.9870338893819504,,,,,,,,cut,,,,,,,,3.862966110618049
1995-08-31,5.74,3589.0,1.9719662634690935,,,,,,,,cut,,,,,,,,3.7680337365309065
1995-09-30,5.8,3602.1,1.929303831624396,,,,,,,,neutral,,,,,,,,3.870696168375604
1995-10-31,5.76,3613.4,2.0203229523652944,,,,,,,,neutral,,,,,,,,3.7396770476347054
1995-11-30,5.8,3619.9,1.8238035490231173,,,,,,,,neutral,,,,,,,,3.9761964509768823
1995-12-31,5.6,3629.5,1.9539938200653808,,,,,,,,neutral,,,,,,,,3.646006179934619
1996-01-31,5.56,3647.9,1.973870424717328,,,,,,,,neutral,,,,,,,,3.586129575282672
1996-02-29,5.22,3661.8,1.95401956993726,,,,,,,,cut,,,,,,,,3.26598043006274
1996-03-31,5.31,3686.9,2.073623274454484,,,,,,,,neutral,,,,,,,,3.2363767255455156
1996-04-30,5.22,3697.7,2.11112262572728,,,,,,,,neutral,,,,,,,,3.1088773742727196
1996-05-31,5.24,3709.6,2.1300498144890767,,,,,,,,neutral,,,,,,,,3.1099501855109235
1996-06-30,5.27,3722.5,2.0290325915205853,,,,,,,,neutral,,,,,,,,3.2409674084794142
1996-07-31,5.4,3737.1,2.11645674168901,,,,,,,,hike,,,,,,,,3.2835432583109903
1996-08-31,5.22,3744.0,1.9941720138929808,,,,,,,,neutral,,,,,,,,3.225827986107019
1996-09-30,5.3,3753.4,2.211927347599074,,,,,,,,neutral,,,,,,,,3.0880726524009257
1996-10-31,5.24,3772.8,2.2560912998195626,,,,,,,,neutral,,,,,,,,2.9839087001804376
1996-11-30,5.31,3795.1,2.44099223987444,,,,,,,,neutral,,,,,,,,2.8690077601255597
1996-12-31,5.29,3818.6,2.3631039531478937,,,,,,,,neutral,,,,,,,,2.9268960468521064
1997-01-31,5.25,3834.6,2.268743060830936,,,,,,,,neutral,,,,,,,,2.981256939169064
1997-02-28,5.19,3846.3,2.320595099183187,,,,,,,,cut,,,,,,,,2.8694049008168134
1997-03-31,5.39,3861.2,2.120203004348009,,,,,,,,neutral,,,,,,,,3.2697969956519906
1997-04-30,5.51,3877.0,1.9152421962217003,,,,,,,,neutral,,,,,,,,3.5947578037782995
1997-05-31,5.5,3889.2,1.6933943148266015,,,,,,,,neutral,,,,,,,,3.8066056851733983
1997-06-30,5.56,3906.0,1.8251291774616265,,,,,,,,neutral,,,,,,,,3.7348708225383733
1997-07-31,5.52,3923.9,1.6710718257579191,,,,,,,,neutral,,,,,,,,3.8489281742420802
1997-08-31,5.54,3957.4,1.6550510078928935,,,,,,,,neutral,,,,,,,,3.8849489921071063
1997-09-30,5.54,3973.1,1.6129728485302142,,,,,,,,neutral,,,,,,,,3.927027151469786
1997-10-31,5.5,3992.3,1.4388386004676512,,,,,,,,neutral,,,,,,,,4.061161399532349
1997-11-30,5.52,4014.8,1.2644451763492937,,,,,,,,neutral,,,,,,,,4.255554823650706
1997-12-31,5.5,4032.9,1.1256686786623504,,,,,,,,neutral,,,,,,,,4.37433132133765
1998-01-31,5.56,4056.2,1.0442111277765953,,,,,,,,neutral,,,,,,,,4.515788872223404
1998-02-28,5.51,4088.9,0.7811720431640357,,,,,,,,neutral,,,,,,,,4.728827956835964
1998-03-31,5.49,4114.3,0.6906372374510417,,,,,,,,neutral,,,,,,,,4.7993627625489585
1998-04-30,5.45,4140.2,0.7169886476797505,,,,,,,,cut,,,,,,,,4.73301135232025
1998-05-31,5.49,4164.4,0.9009137229227582,,,,,,,,neutral,,,,,,,,4.589086277077242
1998-06-30,5.56,4184.1,0.6865476461223485,,,,,,,,neutral,,,,,,,,4.873452353877651
1998-07-31,5.54,4203.8,0.8750745802199145,,,,,,,,neutral,,,,,,,,4.664925419780086
1998-08-31,5.55,4228.7,0.9339957416607536,,,,,,,,neutral,,,,,,,,4.616004258339246
1998-09-30,5.51,4267.7,0.6329651656754365,,,,,,,,neutral,,,,,,,,4.877034834324563
1998-10-31,5.07,4307.9,0.7226496209978395,,,,,,,,neutral,,,,,,,,4.347350379002161
1998-11-30,4.83,4346.6,0.7211946377057687,,,,,,,,cut,,,,,,,,4.108805362294231
1998-12-31,4.68,4375.6,0.8444010692918225,,,,,,,,cut,,,,,,,,3.8355989307081773
1999-01-31,4.63,4403.0,0.9358742365980444,,,,,,,,cut,,,,,,,,3.6941257634019555
1999-02-28,4.76,4425.8,0.932120680631976,,,,,,,,neutral,,,,,,,,3.827879319368024
1999-03-31,4.81,4432.6,0.9927874416631566,,,,,,,,neutral,,,,,,,,3.817212558336843
1999-04-30,4.74,4461.4,1.3545580383626632,,,,,,,,neutral,,,,,,,,3.385441961637337
1999-05-31,4.74,4486.1,1.2821778686790353,,,,,,,,neutral,,,,,,,,3.457822131320965
1999-06-30,4.76,4508.0,1.3990259052728105,,,,,,,,neutral,,,,,,,,3.3609740947271893
1999-07-31,4.99,4535.4,1.4181101253344377,,,,,,,,neutral,,,,,,,,3.5718898746655627
1999-08-31,5.07,4552.7,1.4625639871744367,,,,,,,,hike,,,,,,,,3.6074360128255636
1999-09-30,5.22,4568.8,1.885544626901381,,,,,,,,hike,,,,,,,,3.334455373098619
1999-10-31,5.2,4592.7,1.8336773233365689,,,,,,,,neutral,,,,,,,,3.3663226766634313
1999-11-30,5.42,4611.8,1.920646954763705,,,,,,,,neutral,,,,,,,,3.499353045236295
1999-12-31,5.3,4639.3,2.0547560941400977,,,,,,,,neutral,,,,,,,,3.245243905859902
2000-01-31,5.45,4667.6,2.1891369506148672,,,,,,,,neutral,,,,,,,,3.260863049385133
2000-02-29,5.73,4680.9,2.5687379130580945,,,,,,,,neutral,,,,,,,,3.161262086941906
2000-03-31,5.85,4711.7,2.930879964151667,,,,,,,,hike,,,,,,,,2.9191200358483327
2000-04-30,6.02,4767.8,2.350990147302689,,,,,,,,hike,,,,,,,,3.6690098526973105
2000-05-31,6.27,4755.7,2.368948805080495,,,,,,,,hike,,,,,,,,3.9010511949195044
2000-06-30,6.53,4773.6,2.684264750925869,,,,,,,,hike,,,,,,,,3.8457352490741314
2000-07-31,6.54,4791.3,2.668814307732892,,,,,,,,hike,,,,,,,,3.871185692267108
2000-08-31,6.5,4819.5,2.475467095414974,,,,,,,,neutral,,,,,,,,4.024532904585026
2000-09-30,6.52,4855.2,2.548096178546277,,,,,,,,neutral,,,,,,,,3.9719038214537226
2000-10-31,6.51,4871.3,2.5148561265149194,,,,,,,,neutral,,,,,,,,3.9951438734850804
2000-11-30,6.51,4882.7,2.5663277956855968,,,,,,,,neutral,,,,,,,,3.943672204314403
2000-12-31,6.4,4927.6,2.4847793521432404,,,,,,,,neutral,,,,,,,,3.91522064785676
2001-01-31,5.98,4978.3,2.7014432367977514,,,,,,,,neutral,,,,,,,,3.278556763202249
2001-02-28,5.49,5017.0,2.537197196376595,,,,,,,,cut,,,,,,,,2.9528028036234053
2001-03-31,5.31,5074.8,2.1087000884293827,,,,,,,,cut,,,,,,,,3.201299911570617
2001-04-30,4.8,5139.1,2.373236751810892,,,,,,,,cut,,,,,,,,2.4267632481891077
2001-05-31,4.21,5137.2,2.5576491395143286,,,,,,,,cut,,,,,,,,1.6523508604856714
2001-06-30,3.97,5180.1,2.3917346855763637,,,,,,,,cut,,,,,,,,1.5782653144236365
2001-07-31,3.77,5210.0,2.1017325092305805,,,,,,,,cut,,,,,,,,1.6682674907694195
2001-08-31,3.65,5243.8,2.0964644142072557,,,,,,,,cut,,,,,,,,1.5535355857927442
2001-09-30,3.07,5355.1,1.3130959435436296,,,,,,,,cut,,,,,,,,1.7569040564563703
2001-10-31,2.49,5343.8,1.531881699460702,,,,,,,,cut,,,,,,,,0.9581183005392981
2001-11-30,2.09,5387.5,1.321568153430852,,,,,,,,cut,,,,,,,,0.7684318465691478
2001-12-31,1.82,5440.5,1.0620750693969505,,,,,,,,cut,,,,,,,,0.7579249306030496
2002-01-31,1.73,5460.9,0.6659371163187933,,,,,,,,cut,,,,,,,,1.0640628836812067
2002-02-28,1.74,5490.2,0.679565078349853,,,,,,,,neutral,,,,,,,,1.060434921650147
2002-03-31,1.73,5502.0,0.9433082406235416,,,,,,,,neutral,,,,,,,,0.7866917593764584
2002-04-30,1.75,5502.1,1.1877053213986466,,,,,,,,neutral,,,,,,,,0.5622946786013534
2002-05-31,1.75,5528.3,0.9882602639782244,,,,,,,,neutral,,,,,,,,0.7617397360217756
2002-06-30,1.75,5553.3,0.9362006409068035,,,,,,,,neutral,,,,,,,,0.8137993590931965
2002-07-31,1.73,5596.0,1.1921635118487872,,,,,,,,neutral,,,,,,,,0.5378364881512128
2002-08-31,1.74,5638.3,1.402946319749887,,,,,,,,neutral,,,,,,,,0.33705368025011295
2002-09-30,1.75,5662.3,1.9328166748640685,,,,,,,,neutral,,,,,,,,-0.1828166748640685
2002-10-31,1.75,5707.1,1.7604514385630263,,,,,,,,neutral,,,,,,,,-0.010451438563026327
2002-11-30,1.34,5758.1,1.9299850214074652,,,,,,,,neutral,,,,,,,,-0.5899850214074651
2002-12-31,1.24,5779.4,2.13367302257077,,,,,,,,neutral,,,,,,,,-0.8936730225707701
2003-01-31,1.24,5812.1,2.34651535840702,,,,,,,,neutral,,,,,,,,-1.1065153584070202
2003-02-28,1.26,5848.2,2.6046216151830226,,,,,,,,neutral,,,,,,,,-1.3446216151830226
2003-03-31,1.25,5868.4,2.589654580732015,,,,,,,,neutral,,,,,,,,-1.3396545807320148
2003-04-30,1.26,5905.5,1.988696109358568,,,,,,,,neutral,,,,,,,,-0.728696109358568
2003-05-31,1.26,5965.3,1.80480756600554,,,,,,,,neutral,,,,,,,,-0.54480756600554
2003-06-30,1.22,6002.2,1.788127254837657,,,,,,,,neutral,,,,,,,,-0.568127254837657
2003-07-31,1.01,6049.1,1.8627361145654664,,,,,,,,neutral,,,,,,,,-0.8527361145654664
2003-08-31,1.03,6107.1,2.0067151797029004,,,,,,,,neutral,,,,,,,,-0.9767151797029003
2003-09-30,1.01,6079.7,2.141338793182146,,,,,,,,neutral,,,,,,,,-1.131338793182146
2003-10-31,1.01,6070.0,1.9682118170812668,,,,,,,,neutral,,,,,,,,-0.9582118170812668
2003-11-30,1.0,6075.5,1.996176703902619,,,,,,,,neutral,,,,,,,,-0.996176703902619
2003-12-31,0.98,6073.8,2.122877447350291,,,,,,,,neutral,,,,,,,,-1.142877447350291
2004-01-31,1.0,6082.1,2.212406575044379,,,,,,,,neutral,,,,,,,,-1.2124065750443789
2004-02-29,1.01,6121.8,2.000619147124838,,,,,,,,neutral,,,,,,,,-0.990619147124838
2004-03-31,1.0,6157.9,1.8964297201672584,,,,,,,,neutral,,,,,,,,-0.8964297201672584
2004-04-30,1.0,6198.9,2.259224414573469,,,,,,,,neutral,,,,,,,,-1.259224414573469
2004-05-31,1.0,6275.7,2.709537572254317,,,,,,,,neutral,,,,,,,,-1.709537572254317
2004-06-30,1.03,6277.9,2.890910965613247,,,,,,,,neutral,,,,,,,,-1.860910965613247
2004-07-31,1.26,6291.1,2.684537884239746,,,,,,,,neutral,,,,,,,,-1.424537884239746
2004-08-31,1.43,6317.8,2.391167919671111,,,,,,,,hike,,,,,,,,-0.9611679196711111
2004-09-30,1.61,6352.2,2.273916984793756,,,,,,,,hike,,,,,,,,-0.663916984793756
2004-10-31,1.76,6379.8,2.700011489410592,,,,,,,,hike,,,,,,,,-0.940011489410592
2004-11-30,1.93,6406.3,2.9656262749897966,,,,,,,,hike,,,,,,,,-1.0356262749897966
2004-12-31,2.16,6424.5,2.7937154125055708,,,,,,,,hike,,,,,,,,-0.6337154125055706
2005-01-31,2.28,6430.8,2.53203056685547,,,,,,,,hike,,,,,,,,-0.2520305668554701
2005-02-28,2.5,6438.9,2.598732880610055,,,,,,,,hike,,,,,,,,-0.09873288061005514
2005-03-31,2.63,6448.3,2.747509438250484,,,,,,,,hike,,,,,,,,-0.11750943825048399
2005-04-30,2.79,6461.8,2.844503818718014,,,,,,,,hike,,,,,,,,-0.0545038187180138
2005-05-31,3.0,6479.0,2.568966383598825,,,,,,,,hike,,,,,,,,0.4310336164011752
2005-06-30,3.04,6511.7,2.3411957760769653,,,,,,,,hike,,,,,,,,0.6988042239230348
2005-07-31,3.26,6543.5,2.679431825292533,,,,,,,,hike,,,,,,,,0.5805681747074667
2005-08-31,3.5,6576.3,3.0408025417156592,,,,,,,,hike,,,,,,,,0.4591974582843408
2005-09-30,3.62,6610.1,3.830020972735437,,,,,,,,hike,,,,,,,,-0.21002097273543674
2005-10-31,3.78,6643.9,3.551362370723954,,,,,,,,hike,,,,,,,,0.22863762927604592
2005-11-30,4.0,6660.7,2.938408578716656,,,,,,,,hike,,,,,,,,1.0615914212833442
2005-12-31,4.16,6687.8,2.8836276778752667,,,,,,,,hike,,,,,,,,1.2763723221247334
2006-01-31,4.29,6730.1,3.246937842213904,,,,,,,,hike,,,,,,,,1.0430621577860961
2006-02-28,4.49,6754.7,3.0222353695212645,,,,,,,,hike,,,,,,,,1.4677646304787357
2006-03-31,4.59,6769.3,2.9136712749615823,,,,,,,,hike,,,,,,,,1.6763287250384176
2006-04-30,4.79,6806.9,3.102827101944805,,,,,,,,hike,,,,,,,,1.687172898055195
2006-05-31,4.94,6813.7,3.321534862643749,,,,,,,,hike,,,,,,,,1.6184651373562513
2006-06-30,4.99,6851.8,3.511627906976744,,,,,,,,hike,,,,,,,,1.478372093023256
2006-07-31,5.24,6893.6,3.4273456353752785,,,,,,,,hike,,,,,,,,1.8126543646247217
2006-08-31,5.25,6925.1,3.335882588586636,,,,,,,,hike,,,,,,,,1.914117411413364
2006-09-30,5.25,6952.4,2.0800269321406217,,,,,,,,neutral,,,,,,,,3.1699730678593783
2006-10-31,5.25,7001.7,1.67697016985775,,,,,,,,neutral,,,,,,,,3.57302983014225
2006-11-30,5.25,7037.2,1.9246731063020883,,,,,,,,neutral,,,,,,,,3.3253268936979117
2006-12-31,5.24,7080.1,2.2867522344251823,,,,,,,,neutral,,,,,,,,2.953247765574818
2007-01-31,5.25,7118.3,2.133263102449301,,,,,,,,neutral,,,,,,,,3.116736897550699
2007-02-28,5.26,7134.3,2.389213246554367,,,,,,,,neutral,,,,,,,,2.870786753445633
2007-03-31,5.26,7168.2,2.564898622023759,,,,,,,,neutral,,,,,,,,2.6951013779762407
2007-04-30,5.25,7240.7,2.3307779164438047,,,,,,,,neutral,,,,,,,,2.9192220835561953
2007-05-31,5.25,7254.6,2.352983013477794,,,,,,,,neutral,,,,,,,,2.897016986522206
2007-06-30,5.25,7287.8,2.3176341212501006,,,,,,,,neutral,,,,,,,,2.9323658787498994
2007-07-31,5.26,7318.7,2.1247260128685497,,,,,,,,neutral,,,,,,,,3.13527398713145
2007-08-31,5.02,7394.8,1.873715124816444,,,,,,,,neutral,,,,,,,,3.1462848751835555
2007-09-30,4.94,7413.0,2.534687050952855,,,,,,,,neutral,,,,,,,,2.405312949047145
2007-10-31,4.76,7428.1,3.08847488843238,,,,,,,,cut,,,,,,,,1.67152511156762
2007-11-30,4.49,7453.6,3.5996270550330056,,,,,,,,cut,,,,,,,,0.8903729449669946
2007-12-31,4.24,7483.9,3.471634208298058,,,,,,,,cut,,,,,,,,0.7683657917019424
2008-01-31,3.94,7517.5,3.387406817009708,,,,,,,,cut,,,,,,,,0.5525931829902921
2008-02-29,2.98,7604.0,3.272922728175653,,,,,,,,cut,,,,,,,,-0.292922728175653
2008-03-31,2.61,7670.0,3.1911425710759778,,,,,,,,cut,,,,,,,,-0.5811425710759779
2008-04-30,2.28,7712.5,3.13951867682587,,,,,,,,cut,,,,,,,,-0.85951867682587
2008-05-31,1.98,7725.2,3.282143932550441,,,,,,,,cut,,,,,,,,-1.302143932550441
2008-06-30,2.0,7743.9,3.8114389395462736,,,,,,,,neutral,,,,,,,,-1.8114389395462736
2008-07-31,2.01,7791.2,4.135655023597695,,,,,,,,neutral,,,,,,,,-2.1256550235976954
2008-08-31,2.0,7805.8,3.9806273062730657,,,,,,,,neutral,,,,,,,,-1.9806273062730657
2008-09-30,1.81,7872.4,3.6678383532060543,,,,,,,,neutral,,,,,,,,-1.8578383532060543
2008-10-31,0.97,7974.9,2.6718431480336147,,,,,,,,cut,,,,,,,,-1.7018431480336147
2008-11-30,0.39,8027.0,0.9250293343662008,,,,,,,,cut,,,,,,,,-0.5350293343662008
2008-12-31,0.16,8204.7,0.1295690125477477,,,,,,,,cut,,,,,,,,0.03043098745225231
2009-01-31,0.15,8289.0,-0.1111035530462767,,,,,,,,cut,,,,,,,,0.2611035530462767
2009-02-28,0.22,8319.3,-0.1312484442533512,,,,,,,,neutral,,,,,,,,0.3512484442533512
2009-03-31,0.18,8386.4,-0.5257516782309568,,,,,,,,neutral,,,,,,,,0.7057516782309567
2009-04-30,0.15,8391.1,-0.5675739591662121,,,,,,,,neutral,,,,,,,,0.7175739591662121
2009-05-31,0.18,8449.2,-0.8892128279883504,,,,,,,,neutral,,,,,,,,1.0692128279883504
2009-06-30,0.21,8459.3,-1.018624689681269,,,,,,,,neutral,,,,,,,,1.228624689681269
2009-07-31,0.16,8463.5,-1.4660091971854472,,,,,,,,neutral,,,,,,,,1.6260091971854471
2009-08-31,0.16,8463.0,-1.1001197711041022,,,,,,,,neutral,,,,,,,,1.2601197711041021
2009-09-30,0.15,8461.6,-1.0227486786264397,,,,,,,,neutral,,,,,,,,1.1727486786264396
2009-10-31,0.12,8487.9,0.0133852383130239,,,,,,,,neutral,,,,,,,,0.10661476168697609
2009-11-30,0.12,8517.0,1.4606120122357291,,,,,,,,neutral,,,,,,,,-1.340612012235729
2009-12-31,0.12,8512.2,2.089718268292118,,,,,,,,neutral,,,,,,,,-1.9697182682921177
2010-01-31,0.11,8477.7,2.301720615608116,,,,,,,,neutral,,,,,,,,-2.191720615608116
2010-02-28,0.13,8527.3,2.116330183762716,,,,,,,,neutral,,,,,,,,-1.9863301837627163
2010-03-31,0.16,8523.5,2.3727160339801934,,,,,,,,neutral,,,,,,,,-2.2127160339801932
2010-04-30,0.2,8554.8,2.282122430488709,,,,,,,,hike,,,,,,,,-2.0821224304887087
2010-05-31,0.2,8609.0,2.20846957131704,,,,,,,,neutral,,,,,,,,-2.0084695713170397
2010-06-30,0.18,8628.1,1.5622188231059877,,,,,,,,neutral,,,,,,,,-1.3822188231059878
2010-07-31,0.18,8639.5,1.6373900721981194,,,,,,,,neutral,,,,,,,,-1.4573900721981194
2010-08-31,0.19,8687.9,1.4823951558645243,,,,,,,,neutral,,,,,,,,-1.2923951558645244
2010-09-30,0.19,8718.7,1.419551296404098,,,,,,,,neutral,,,,,,,,-1.229551296404098
2010-10-31,0.19,8768.4,1.3584198610352205,,,,,,,,neutral,,,,,,,,-1.1684198610352206
2010-11-30,0.19,8789.0,1.3071968137772894,,,,,,,,neutral,,,,,,,,-1.1171968137772894
2010-12-31,0.18,8823.2,1.477668197333748,,,,,,,,neutral,,,,,,,,-1.297668197333748
2011-01-31,0.17,8849.0,1.5598650927487467,,,,,,,,neutral,,,,,,,,-1.3898650927487468
2011-02-28,0.16,8913.3,1.8450307320212025,,,,,,,,cut,,,,,,,,-1.6850307320212026
2011-03-31,0.14,8971.5,2.1105460830258997,,,,,,,,cut,,,,,,,,-1.9705460830258996
2011-04-30,0.1,9035.1,2.488096556306063,,,,,,,,cut,,,,,,,,-2.388096556306063
2011-05-31,0.09,9107.8,2.7662471357885243,,,,,,,,cut,,,,,,,,-2.6762471357885245
2011-06-30,0.09,9182.1,2.7884519551278464,,,,,,,,neutral,,,,,,,,-2.6984519551278465
2011-07-31,0.07,9344.2,2.875699838456258,,,,,,,,neutral,,,,,,,,-2.8056998384562584
2011-08-31,0.1,9531.0,2.9767297960266115,,,,,,,,neutral,,,,,,,,-2.8767297960266114
2011-09-30,0.08,9551.5,3.0190303779583205,,,,,,,,neutral,,,,,,,,-2.9390303779583205
2011-10-31,0.07,9584.4,2.693632332390705,,,,,,,,neutral,,,,,,,,-2.6236323323907054
2011-11-30,0.08,9636.5,2.699259844940816,,,,,,,,neutral,,,,,,,,-2.619259844940816
2011-12-31,0.07,9683.9,2.5266248849541872,,,,,,,,neutral,,,,,,,,-2.4566248849541874
2012-01-31,0.08,9757.6,2.569312446745764,,,,,,,,neutral,,,,,,,,-2.489312446745764
2012-02-29,0.1,9809.8,2.51315402464134,,,,,,,,neutral,,,,,,,,-2.41315402464134
2012-03-31,0.13,9853.9,2.2980274721697835,,,,,,,,hike,,,,,,,,-2.1680274721697836
2012-04-30,0.14,9907.7,1.9998487418563693,,,,,,,,hike,,,,,,,,-1.8598487418563692
2012-05-31,0.16,9951.4,1.5769404769598871,,,,,,,,hike,,,,,,,,-1.4169404769598872
2012-06-30,0.16,10021.6,1.5460196726963191,,,,,,,,neutral,,,,,,,,-1.3860196726963192
2012-07-31,0.16,10074.5,1.4100261354958563,,,,,,,,neutral,,,,,,,,-1.2500261354958564
2012-08-31,0.13,10145.6,1.51186746212284,,,,,,,,neutral,,,,,,,,-1.3818674621228402
2012-09-30,0.14,10226.1,1.6779710051753494,,,,,,,,neutral,,,,,,,,-1.5379710051753492
2012-10-31,0.16,10292.4,1.9768774978838444,,,,,,,,neutral,,,,,,,,-1.8168774978838445
2012-11-30,0.16,10361.9,1.6991017964071764,,,,,,,,neutral,,,,,,,,-1.5391017964071765
2012-12-31,0.16,10484.1,1.6243828413875503,,,,,,,,neutral,,,,,,,,-1.4643828413875504
2013-01-31,0.14,10508.1,1.470807506336924,,,,,,,,neutral,,,,,,,,-1.330807506336924
2013-02-28,0.15,10527.5,1.6046076681118793,,,,,,,,neutral,,,,,,,,-1.4546076681118794
2013-03-31,0.14,10583.8,1.276992915022701,,,,,,,,neutral,,,,,,,,-1.136992915022701
2013-04-30,0.15,10611.3,1.0412253198881505,,,,,,,,neutral,,,,,,,,-0.8912253198881505
2013-05-31,0.11,10646.1,1.2290301372187118,,,,,,,,neutral,,,,,,,,-1.1190301372187117
2013-06-30,0.09,10703.3,1.5055063976064709,,,,,,,,neutral,,,,,,,,-1.4155063976064708
2013-07-31,0.09,10742.8,1.5951128457492023,,,,,,,,neutral,,,,,,,,-1.5051128457492022
2013-08-31,0.08,10801.2,1.4047883304264983,,,,,,,,neutral,,,,,,,,-1.3247883304264982
2013-09-30,0.08,10862.0,1.1412854478201728,,,,,,,,neutral,,,,,,,,-1.0612854478201728
2013-10-31,0.09,10986.3,0.9761069199571092,,,,,,,,neutral,,,,,,,,-0.8861069199571092
2013-11-30,0.08,10995.6,1.1954704602088029,,,,,,,,neutral,,,,,,,,-1.1154704602088028
2013-12-31,0.09,11060.1,1.3881001955959429,,,,,,,,neutral,,,,,,,,-1.2981001955959428
2014-01-31,0.07,11130.8,1.4054054054054133,1782.59,3996.96,122.12,107.21,762.13,81.23,18.32,neutral,,,,,,,,-1.3354054054054132
2014-02-28,0.07,11196.8,1.0939820528374389,1859.45,4230.19,128.75,106.89,547.81,80.97,15.76,neutral,4.3117037568930705,5.835184740402699,5.429086144775619,-0.29847961943847423,-28.121186674189445,-0.32007878862490013,-13.973799126637553,-1.0239820528374388
2014-03-31,0.08,11232.6,1.38970341823057,1872.34,4263.55,133.19,108.42,468.61,80.23,14.53,neutral,0.6932157358358504,0.7886170597538378,3.4485436893203936,1.4313780522031916,-14.45756740475711,-0.9139187353340628,-7.8045685279187875,-1.30970341823057
2014-04-30,0.09,11277.7,1.6731138157687786,1883.95,4277.31,129.87,107.65,442.12,80.65,16.21,neutral,0.6200796863817581,0.3227357483787108,-2.4926796306028898,-0.7102010699132966,-5.652888329314354,0.5234949520129595,11.562284927735721,-1.5831138157687785
2014-05-31,0.09,11342.8,1.7661662878033946,1923.57,4381.92,130.45,108.11,530.78,80.89,13.98,neutral,2.1030282120013677,2.4456960098753644,0.4466004466004314,0.42731072921504687,20.05337917307517,0.29758214507129566,-13.756940160394816,-1.6761662878033945
2014-06-30,0.1,11398.1,1.6514586142380772,1960.23,4408.17,132.67,109.34,630.21,80.52,12.76,neutral,1.9058313448431896,0.5990524701500632,1.7018014564967432,1.1377300897234432,18.732808319831197,-0.4574112992953405,-8.72675250357654,-1.551458614238077
2014-07-31,0.09,11453.0,1.6692416903290486,1978.09,4457.93,131.23,110.02,601.34,81.05,13.12,neutral,0.9111175729378695,1.1288130902392668,-1.0853998643250207,0.621913297969634,-4.581012678313579,0.6582215598609054,2.8213166144200663,-1.5792416903290485
2014-08-31,0.09,11477.3,1.5062438759980925,2003.37,4539.7,124.56,111.23,478.92,82.11,15.43,neutral,1.2780004954274116,1.8342593984203237,-5.08267926541186,1.0998000363570348,-20.357867429407662,1.3078346699568089,17.606707317073166,-1.4162438759980924
2014-09-30,0.09,11519.1,1.497249312328086,1982.77,4493.26,118.79,112.56,386.51,83.02,16.78,neutral,-1.0282673694824163,-1.0229750864594434,-4.632305716120744,1.195720578980497,-19.295498204292993,1.1082693947144007,8.749189889825026,-1.4072493123280858
2014-10-31,0.09,11593.1,1.3329448612426242,2018.05,4560.82,116.34,113.11,338.21,84.15,17.23,neutral,1.7793289186340377,1.5035853700876345,-2.0624631703005325,0.48862828713573947,-12.496442524126161,1.3611178029390603,2.681764004767584,-1.2429448612426242
2014-11-30,0.09,11634.2,1.0857594081832067,2067.56,4685.37,120.98,111.98,378.65,84.76,14.56,neutral,2.4533584400783015,2.73086857187963,3.988310125494232,-0.9990274953584954,11.957068093787893,0.7248960190136655,-15.496227510156702,-0.9957594081832067
2014-12-31,0.12,11717.6,0.7322588005891362,2058.9,4736.05,122.45,110.76,317.23,85.34,17.89,neutral,-0.4188512062527794,1.0816648418374708,1.2150768722102745,-1.0894802643329204,-16.220784365509033,0.6842850401132639,22.870879120879128,-0.6122588005891362
2015-01-31,0.11,11805.2,0.0414018672242111,1994.99,4613.92,126.78,111.23,217.29,86.11,18.56,neutral,-3.1040847054252363,-2.57873122116532,3.5361371988566814,0.4243409172986601,-31.50395612016519,0.9022732599015759,3.745108999441027,0.0685981327757889
2015-02-28,0.11,11922.8,0.1707014276846719,2104.5,4877.59,120.45,112.45,254.67,86.72,13.21,neutral,5.4892505726845675,5.714663453202484,-4.992901088499757,1.096826395756545,17.202816512494824,0.7083962373708008,-28.82543103448275,-0.06070142768467189
2015-03-31,0.11,11920.5,0.1993492743892932,2067.89,4903.75,115.98,113.78,243.89,87.05,15.67,neutral,-1.7396056070325572,0.5363304418780634,-3.711083437110829,1.1827478879502085,-4.23292888836534,0.38053505535056154,18.622255866767603,-0.0893492743892932
2015-04-30,0.12,11954.6,0.110324064049827,2108.29,5050.04,117.34,112.99,235.12,87.63,13.89,neutral,1.9536822558259948,2.9832271221004403,1.1726159682703852,-0.6943223765160877,-3.5958833900528897,0.6662837449741499,-11.359285258455643,0.009675935950172992
2015-05-31,0.12,11982.6,0.1852862157349033,2128.29,5109.39,114.21,113.45,230.45,88.17,12.76,neutral,0.9486360984494624,1.1752382159349262,-2.667462076018412,0.40711567395346204,-1.9862198026539657,0.6162273194111778,-8.135349172066242,-0.06528621573490331
2015-06-30,0.13,12023.2,0.2704286757220897,2063.11,5015.98,117.67,114.78,258.92,90.03,18.92,neutral,-3.062552565674781,-1.8282025838701088,3.0295070484195774,1.1723226090788907,12.354089824256898,2.109561075195643,48.27586206896552,-0.14042867572208967
2015-07-31,0.13,12067.0,0.2197328295222345,2103.84,5139.69,110.45,115.23,287.65,91.25,14.31,neutral,1.974203993000856,2.4663176487944583,-6.1358035183139314,0.3920543648719299,11.096091456820623,1.3551038542708005,-24.36575052854123,-0.08973282952223449
2015-08-31,0.14,12112.0,0.2392713007937974,1972.18,4912.77,107.89,116.45,231.21,93.17,40.74,neutral,-6.258080462392579,-4.415052269689401,-2.3177908555907623,1.0587520610952028,-19.621067269250815,2.1041095890411032,184.69601677148847,-0.0992713007937974
2015-09-30,0.14,12173.9,0.0656996499440509,1920.03,4771.56,109.23,117.78,236.78,94.02,27.32,neutral,-2.6442819620927094,-2.874345837480685,1.2420057465937662,1.1421210820094396,2.4090653518446414,0.9123108296661853,-32.94059891998037,0.07430035005594911
2015-10-31,0.12,12225.2,0.0954982337961096,2080.41,5108.67,105.67,116.99,307.12,93.78,14.89,neutral,8.352994484461185,7.064985036340299,-3.259177881534381,-0.6707420614705417,29.706900920685865,-0.255264837268665,-45.49780380673499,0.0245017662038904
2015-11-30,0.12,12317.0,0.2538775426298434,2080.41,5176.63,102.98,117.45,369.12,94.56,17.23,neutral,0.0,1.3302875308054851,-2.545661020157086,0.3931959996581025,20.187548840843974,0.8317338451695466,15.715245130960366,-0.13387754262984342
2015-12-31,0.24,12387.9,0.3459637561779249,2043.94,5043.79,103.67,118.78,428.45,94.89,18.45,neutral,-1.7530198374358763,-2.566148247025579,0.6700330161196311,1.1323967645806787,16.073363675769393,0.34898477157361274,7.080673244341251,-0.10596375617792492
2016-01-31,0.34,12518.5,0.8711486332691809,1940.24,4743.14,111.34,119.23,375.32,96.12,22.43,neutral,-5.073534448173622,-5.960795354287141,7.398475933249737,0.37885165852837854,-12.400513478818997,1.2962377489724952,21.571815718157183,-0.5311486332691808
2016-02-29,0.38,12603.9,0.640330493157748,1932.23,4796.61,118.98,120.45,437.91,97.03,20.12,hike,-0.41283552550199776,1.127312286797344,6.861864559008435,1.0232324079510136,16.67643610785463,0.9467332501040371,-10.29870708872046,-0.26033049315774803
2016-03-31,0.36,12661.8,0.6855104733630268,2059.74,5086.33,118.76,119.67,418.43,96.56,14.78,neutral,6.599110871894109,6.04009915336039,-0.18490502605479353,-0.6475716064757164,-4.448402639811833,-0.48438627228691855,-26.54075546719683,-0.32551047336302685
2016-04-30,0.37,12743.2,0.9259068531526138,2065.3,5119.79,116.23,118.89,452.12,95.89,14.21,neutral,0.269936982337593,0.6578417051193997,-2.130346918154258,-0.6517924291802424,8.051525942212546,-0.6938690969345518,-3.8565629228687337,-0.5559068531526138
2016-05-31,0.37,12802.0,0.8486853596638255,2096.96,5192.44,121.78,119.34,536.78,95.23,14.09,neutral,1.532949208347456,1.4190035138159862,4.775015056353782,0.37850113550341735,18.725117225515355,-0.688288664094272,-0.8444757213230236,-0.4786853596638255
2016-06-30,0.38,12852.5,0.8296074490339977,2098.86,5162.46,127.98,120.67,648.12,96.17,15.67,neutral,0.09060735540973308,-0.5773778801488216,5.091147971752341,1.114462879168765,20.742203509817813,0.9870839021316691,11.213626685592626,-0.44960744903399774
2016-07-31,0.39,12911.9,0.7550842682239489,2173.6,5370.79,128.45,121.99,621.34,96.89,12.34,neutral,3.5609807228685897,4.03547920952414,0.36724488201280714,1.0938924339106704,-4.1319508732950645,0.748674222730572,-21.250797702616463,-0.3650842682239489
2016-08-31,0.4,12989.7,0.8882104659263312,2173.6,5361.05,126.78,121.23,572.12,96.45,13.76,hike,0.0,-0.18135134682234488,-1.3001167769560062,-0.6230018854004316,-7.921588824154247,-0.4541232325317335,11.507293354943272,-0.4882104659263312
2016-09-30,0.4,13054.9,1.2197749212634612,2168.27,5339.53,126.45,122.45,608.76,95.78,14.23,neutral,-0.24521531100477612,-0.4014139021273899,-0.2602934216753394,1.0063515631444364,6.404250856463678,-0.6946604458268557,3.415697674418605,-0.8197749212634612
2016-10-31,0.4,13122.8,1.427003293084517,2126.15,5235.16,121.98,121.67,708.45,97.12,16.89,neutral,-1.942562503747225,-1.9546664219509902,-3.5349940688019,-0.6369946917109015,16.375911689335698,1.3990394654416427,18.69290231904428,-1.0270032930845168
2016-11-30,0.41,13208.7,1.3974040886628902,2198.81,5373.29,116.34,120.89,741.23,100.17,14.56,neutral,3.4174446769983158,2.638505795429369,-4.623708804722082,-0.6410783266211917,4.627002611334596,3.140444810543652,-13.795145056246295,-0.9874040886628903
2016-12-31,0.54,13234.9,1.6571581021178838,2238.83,5383.92,115.67,120.11,968.23,102.21,12.89,neutral,1.8200754044233047,0.19783037952538773,-0.5758982293278314,-0.6452146579535079,30.624772337870844,2.0365378855944805,-11.469780219780223,-1.1171581021178838
2017-01-31,0.65,13315.7,2.0052104701731244,2278.87,5428.67,119.23,119.34,960.23,100.34,11.23,hike,1.7884341374735824,0.8311787693725092,3.0777211031382423,-0.6410790109066644,-0.8262499612695318,-1.8295665786126514,-12.878200155159035,-1.3552104701731245
2017-02-28,0.66,13394.8,2.1971368464261958,2363.64,5640.83,117.45,118.56,1180.45,99.56,10.76,hike,3.7198260541408734,3.908139562728996,-1.4929128575023043,-0.6535947712418277,22.934088707913737,-0.7773569862467578,-4.185218165627791,-1.5371368464261956
2017-03-31,0.79,13463.6,1.9063610209576696,2362.72,5666.56,121.78,117.78,1079.23,99.02,11.98,hike,-0.03892301704151446,0.45613854698689504,3.686675180928045,-0.6578947368421018,-8.574696090473976,-0.542386500602654,11.338289962825288,-1.1163610209576695
2017-04-30,0.9,13521.7,1.76747318686028,2384.2,5906.43,122.34,117.0,1349.56,98.45,10.89,hike,0.909121690255299,4.233079681499885,0.45984562325505074,-0.6622516556291425,25.0484141471234,-0.575641284588968,-9.098497495826374,-0.86747318686028
2017-05-31,0.91,13568.9,1.557772049759043,2411.8,6184.68,121.23,116.23,2301.67,97.78,10.45,hike,1.157621004949272,4.710967538767075,-0.9073075036782785,-0.6581196581196602,70.5496606301313,-0.6805485017775559,-4.040404040404056,-0.647772049759043
2017-06-30,1.04,13580.5,1.4655479277905004,2423.41,6138.71,121.78,115.45,2518.92,96.34,11.23,hike,0.48138319927024664,-0.7432882542023234,0.45368308174544847,-0.6710831971091791,9.438798785229864,-1.4726938024135827,7.464114832535906,-0.4255479277905003
2017-07-31,1.15,13643.1,1.4856317748266346,2470.3,6363.93,121.45,114.67,2763.21,94.89,10.76,hike,1.9348768883515444,3.668848992703677,-0.27098045656100966,-0.6756171502815045,9.698203992187127,-1.5050861532073911,-4.185218165627791,-0.33563177482663464
2017-08-31,1.16,13697.7,1.5719087318108338,2471.65,6428.66,124.78,113.89,4703.45,94.21,11.98,hike,0.05464923288669432,1.0171387805962606,2.7418690819267066,-0.6802127845120798,70.2168854339699,-0.7166192433343932,11.338289962825288,-0.4119087318108339
2017-09-30,1.15,13745.1,1.757444307056133,2519.36,6495.36,123.98,113.11,4363.12,93.78,10.56,neutral,1.9302894827342154,1.0375412605426293,-0.6411283859592887,-0.6848713671086193,-7.235752479562874,-0.4564271308778234,-11.853088480801333,-0.6074443070561331
2017-10-31,1.15,13800.1,1.6820407007323013,2575.26,6722.76,122.34,112.33,6200.34,94.12,11.89,neutral,2.2188174774546043,3.500960685781851,-1.3227939990321014,-0.6895942003359523,42.107941106364265,0.3625506504585152,12.594696969696972,-0.5320407007323014
2017-11-30,1.16,13843.5,1.7937129048240186,2584.84,6841.08,124.67,111.55,9834.56,93.45,10.76,neutral,0.372001273657796,1.7599914320903798,1.9045283635769072,-0.6943826226297523,58.61323733859756,-0.71185720356991,-9.503784693019346,-0.6337129048240187
2017-12-31,1.3,13881.7,1.7664099484208329,2673.61,7006.23,125.45,110.77,14156.45,92.89,11.02,neutral,3.434255118305196,2.4140925117086764,0.6256517205422307,-0.6992380098610473,43.94594165880326,-0.5992509363295873,2.4163568773234223,-0.46640994842083283
2018-01-31,1.41,13900.3,1.7576494957315614,2823.81,7411.48,126.78,109.99,10201.34,90.12,11.23,hike,5.617872464570373,5.784137831615577,1.060183339976084,-0.7041617766543329,-27.938572170282804,-2.982021746151353,1.9056261343012748,-0.34764949573156145
2018-02-28,1.42,13949.3,1.8376076958608545,2713.83,7063.45,130.23,109.21,10943.56,89.76,19.89,hike,-3.8947379604151844,-4.6958232363846335,2.7212494084240424,-0.7091553777616166,7.275710837987948,-0.3994673768308865,77.11487088156723,-0.41760769586085456
2018-03-31,1.51,14012.7,1.998292058070028,2640.87,6934.34,131.45,108.43,6830.12,89.02,19.23,hike,-2.6884513768364315,-1.8278603232131596,0.9368041157951312,-0.7142203094954502,-37.587768514085,-0.824420677361859,-3.318250377073906,-0.48829205807002807
2018-04-30,1.69,14035.9,2.0466282276259795,2648.05,6940.55,126.78,107.65,9230.45,89.67,15.45,hike,0.2718801001185378,0.08955430509609563,-3.5526816279954243,-0.7193581112238334,35.14330641335732,0.730172994832623,-19.656786271450866,-0.35662822762597957
2018-05-31,1.7,14092.4,2.2662065367869744,2756.24,7282.69,123.98,106.87,7531.23,90.34,13.76,hike,4.085647929608571,4.929580508749298,-2.2085502445180594,-0.7245703669298664,-18.40885330617685,0.74718411954946,-10.938511326860834,-0.5662065367869744
2018-06-30,1.82,14137.2,2.268307840346395,2718.37,7114.67,125.45,106.09,6190.34,91.23,16.89,hike,-1.3739732389051684,-2.307114541467503,1.1856751088885398,-0.7298587068400919,-17.80439582910095,0.9851671463360745,22.747093023255815,-0.44830784034639515
2018-07-31,1.91,14174.6,2.338607055900121,2816.29,7467.89,121.23,105.31,7743.56,90.78,12.98,hike,3.6021586465418753,4.964671587016678,-3.3638899960143465,-0.7352248091243241,25.09102892571329,-0.4932587964485369,-23.149792776791,-0.42860705590012116
2018-08-31,1.91,14223.2,2.180411288951989,2901.52,7770.41,119.45,104.53,7041.23,91.56,14.31,neutral,3.0263218631604083,4.050943439177601,-1.468283428194339,-0.7406704016712617,-9.069859341181585,0.8592200925313875,10.246533127889057,-0.27041128895198896
2018-09-30,1.95,14245.5,2.009960159362545,2913.98,7688.78,116.78,103.75,6631.45,92.34,16.23,neutral,0.42943009181395375,-1.0505237175387205,-2.235244872331521,-0.7461972639433712,-5.819721838371983,0.8519003931847902,13.41719077568133,-0.05996015936254495
2018-10-31,2.19,14256.6,2.053098049357893,2711.74,7167.93,114.98,102.97,6441.23,92.89,23.56,neutral,-6.940335897981464,-6.774156628229699,-1.5413598218873115,-0.7518072289156685,-2.8684526008640687,0.5956248646307172,45.16327788046826,0.13690195064210675
2018-11-30,2.2,14282.8,1.9418922274646144,2760.17,7360.76,117.34,102.19,4253.12,96.12,19.02,hike,1.785938179914015,2.6901769409020337,2.052530874934777,-0.7575021851024544,-33.97037522336572,3.4772311335988793,-19.269949066213922,0.25810777253538575
2018-12-31,2.27,14386.8,1.8646908878110715,2506.85,6635.28,121.67,101.41,3743.56,96.78,25.89,hike,-9.177695576721733,-9.856047473358732,3.6901312425430266,-0.7632840786769735,-11.980851704160711,0.6866416978776435,36.1198738170347,0.4053091121889285
2019-01-31,2.4,14459.7,1.4318323303589953,2704.1,7279.04,123.45,100.63,3431.23,95.45,18.23,hike,7.868440473103688,9.702077380306484,1.4629736171611674,-0.7691549156887856,-8.343127931701378,-1.3742508782806362,-29.586713016608734,0.9681676696410046
2019-02-28,2.4,14506.3,1.4001735426362627,2784.49,7499.45,123.98,99.85,3843.56,96.02,14.76,neutral,2.972893014311606,3.028009188024794,0.42932361279870435,-0.7751167643843759,12.016973505127893,0.5971712938711349,-19.03455842018651,0.9998264573637372
2019-03-31,2.41,14557.5,1.5218076513927814,2834.4,7729.32,123.78,99.07,4123.12,97.34,13.98,neutral,1.792428775107835,3.0651581115948456,-0.16131634134538553,-0.7811717576364563,7.273465224947695,1.3747136013330552,-5.284552845528456,0.8881923486072187
2019-04-30,2.42,14594.7,1.5663384627478738,2945.83,8095.39,122.45,98.29,5230.45,97.78,12.45,neutral,3.9313434942139347,4.736121676939242,-1.0744869930521928,-0.78732209548803,26.85660373697587,0.45202383398397217,-10.944206008583702,0.8536615372521261
2019-05-31,2.39,14704.4,1.4655536045359518,2752.06,7453.15,127.78,97.51,8570.12,98.23,18.92,neutral,-6.577772648116154,-7.933404073182404,4.352797060024494,-0.7935700478176821,63.850529113173835,0.460216813254255,51.967871485943796,0.9244463954640483
2019-06-30,2.38,14802.8,1.4260651383430245,2941.76,7977.73,133.45,96.73,10700.34,97.56,15.23,neutral,6.893018320821498,7.038366328330969,4.437314133667236,-0.7999179571326009,24.856361404507755,-0.6820726865519711,-19.503171247357297,0.9539348616569754
2019-07-31,2.4,14886.8,1.4539295260287632,2980.38,8175.42,139.23,95.95,9570.12,98.17,14.56,neutral,1.3128195366039375,2.4780231970748634,4.331210191082802,-0.8063682414969464,-10.562468108490009,0.6252562525625338,-4.399212081418257,0.9460704739712367
2019-08-31,2.13,14974.4,1.4304164057608038,2926.46,7963.11,148.78,95.17,10020.45,98.92,19.76,neutral,-1.809165274226776,-2.5969307998855107,6.859153917977445,-0.812923397602916,4.705583629045407,0.7639808495466971,35.71428571428572,0.6995835942391961
2019-09-30,2.04,15047.0,1.2839539924622612,2976.74,8090.91,143.98,94.39,8243.56,99.23,16.02,neutral,1.7181167690656807,1.6049005978819864,-3.226240086033072,-0.819586003992856,-17.732636757830246,0.3133845531742896,-18.927125506072883,0.7560460075377389
2019-10-31,1.83,15184.1,1.2885618207514993,3037.56,8286.36,143.78,93.61,9190.34,99.56,13.89,cut,2.0431747482144935,2.4156738858793547,-0.1389081816918991,-0.8263587244411452,11.485086540281152,0.3325607175249434,-13.295880149812733,0.5414381792485008
2019-11-30,1.55,15296.0,1.3582773068303575,3140.98,8636.49,142.45,92.83,7560.12,99.02,12.76,cut,3.404706409091518,4.225377608503611,-0.9250243427458726,-0.8332443115051769,-17.738407937029532,-0.542386500602654,-8.135349172066242,0.19172269316964252
2019-12-31,1.55,15347.5,1.5637627676458932,3230.78,8849.15,149.23,92.05,7180.45,96.89,13.01,neutral,2.8589803182446305,2.462342919403593,4.7595647595647605,-0.840245610255308,-5.022010232641816,-2.1510805897798413,1.9592476489028288,-0.013762767645893126
2020-01-31,1.55,15427.1,1.7944821136310465,3225.52,8848.15,152.78,91.27,9340.12,97.12,15.67,neutral,-0.1628089811129274,-0.011300520388968227,2.3788782416404253,-0.8473655621944576,30.077084305301206,0.23738259882342128,20.445810914681005,-0.24448211363104644
2020-02-29,1.58,15493.4,1.689097203314005,2954.22,8200.42,161.98,90.49,8560.34,99.34,40.11,neutral,-8.411046900964813,-7.320513327644762,6.021730593009544,-0.854607209378766,-8.348715005802932,2.285831960461282,155.96681557115505,-0.10909720331400496
2020-03-31,0.65,16033.0,1.1662090444265472,2584.59,7006.07,158.78,89.71,6430.12,100.78,57.83,neutral,-12.511932083595656,-14.564497915960406,-1.975552537350278,-0.8619736987512394,-24.884759250216703,1.4495671431447477,44.178509099975074,-0.5162090444265471
2020-04-30,0.05,17065.3,0.4624613003096023,2912.43,8105.76,162.45,88.93,8830.45,99.12,34.56,neutral,12.684410293315374,15.696246255033142,2.3113742284922356,-0.8694682867015802,37.329474411052985,-1.6471522127406213,-40.2386304686149,-0.4124613003096023
2020-05-31,0.05,17932.9,0.4901629042393773,3044.31,8464.28,165.23,88.15,9420.12,98.34,28.92,neutral,4.528177501261843,4.423027575452521,1.7112957833179454,-0.8770943438659584,6.6776891324904275,-0.786924939467315,-16.319444444444443,-0.4401629042393773
2020-06-30,0.08,18184.3,0.7595377063120967,3100.29,8590.21,168.78,87.37,9100.34,97.56,31.23,neutral,1.8388403283502663,1.4877815951267914,2.148520244507668,-0.8848553601815135,-3.394648900438646,-0.7931665649786424,7.987551867219911,-0.6795377063120968
2020-07-31,0.09,18335.4,0.9225840072571544,3271.12,9092.2,177.98,86.59,11340.45,93.89,24.76,neutral,5.51012969754443,5.843745379915055,5.4508828060196635,-0.8927549502117493,24.615673700103514,-3.7617876178761778,-20.717259045789305,-0.8325840072571544
2020-08-31,0.1,18411.2,1.157519050834388,3500.31,9613.48,184.78,85.81,11630.12,93.21,21.09,hike,7.006468732421922,5.7332658762455635,3.8206540060681027,-0.9007968587596782,2.554307809654821,-0.7242517840025608,-14.822294022617132,-1.057519050834388
2020-09-30,0.09,18602.5,1.27635371578958,3363.0,9343.45,178.45,85.03,10770.34,93.78,26.89,neutral,-3.92279540954944,-2.8088683806488324,-3.425695421582431,-0.9089849667870853,-7.392701021141656,0.6115223688445415,27.501185395922235,-1.1863537157895798
2020-10-31,0.09,18757.6,1.187486166844698,3269.96,9347.36,182.23,84.25,13790.45,94.34,27.12,neutral,-2.76657746060065,0.041847497444735815,2.1182404034743696,-0.9173232976596557,28.04099034942258,0.597142247814042,0.8553365563406468,-1.097486166844698
2020-11-30,0.09,18997.0,1.186264708144269,3621.63,10157.44,179.98,83.47,19650.12,92.78,21.45,neutral,10.754565805086314,8.666404203967758,-1.234703396806236,-0.9258160237388791,42.490781664122615,-1.6535933856264617,-20.9070796460177,-1.096264708144269
2020-12-31,0.09,19115.7,1.334522131784066,3756.07,10573.83,186.78,82.69,29370.34,89.92,22.76,neutral,3.712140665943231,4.099359681179493,3.778197577508613,-0.9344674733437142,49.46646636254639,-3.0825608967449902,6.107226107226116,-1.244522131784066
2021-01-31,0.09,19379.0,1.5857976839888988,3714.24,10377.94,185.45,81.91,33110.12,90.34,23.67,neutral,-1.1136640158463607,-1.852592674555953,-0.7120676731984243,-0.9432821381061829,12.733185928388991,0.46708185053381257,3.9982425307557135,-1.4957976839888987
2021-02-28,0.08,19641.8,1.8427318715156016,3811.15,11525.42,197.78,81.13,45190.45,91.78,21.23,neutral,2.6091474971999817,11.056914956147356,6.648692369911036,-0.9522646807471613,36.48531023143376,1.593978304184196,-10.308407266582176,-1.7627318715156015
2021-03-31,0.07,19873.2,2.669006722866385,3972.89,12925.42,197.98,80.35,58770.12,92.89,17.02,neutral,4.243863400810777,12.14706275346147,0.10112245929820851,-0.9614199433008785,30.04986673069201,1.2094138156460987,-19.8304286387188,-2.599006722866385
2021-04-30,0.07,20175.4,3.640285829850343,4181.17,13954.49,197.45,79.57,57750.34,90.78,16.89,neutral,5.242531255584737,7.9615981530967606,-0.26770380846550257,-0.9707529558182992,-1.7352014935480886,-2.2715039293788375,-0.763807285546414,-3.5702858298503433
2021-05-31,0.06,20459.0,4.07246348925363,4204.11,13773.76,190.23,78.79,37330.12,90.21,17.45,neutral,0.5486502581813157,-1.2951386972938406,-3.6566219296024327,-0.9802689455824853,-35.359480134662405,-0.6278916060806439,3.31557134399052,-4.012463489253631
2021-06-30,0.08,20477.1,4.306128320705871,4297.5,14346.46,182.78,78.01,35030.45,91.56,15.23,neutral,2.221397632316946,4.157906047440929,-3.916311833044206,-0.9899733468714311,-6.1603605881792145,1.4965081476554731,-12.722063037249276,-4.226128320705871
2021-07-31,0.1,20633.3,4.473216164011551,4395.26,14835.8,175.98,77.23,41580.12,92.34,18.92,neutral,2.274810936591054,3.410876271916563,-3.720319509793202,-0.999871811306241,18.697076400674284,0.8519003931847902,24.2284963887065,-4.373216164011551
2021-08-31,0.09,20840.7,4.580909697720981,4522.68,15673.37,171.78,76.45,47070.34,92.89,16.76,neutral,2.8990321391681118,5.645600506882009,-2.386634844868729,-1.0099702188268833,13.203954197342371,0.5956248646307172,-11.416490486257924,-4.490909697720981
2021-09-30,0.08,20981.0,4.737428253233955,4307.54,14857.73,166.45,75.67,43720.12,94.12,23.01,neutral,-4.756914042116634,-5.203986124234938,-3.102805914541862,-1.0202746893394399,-7.117475675765239,1.3241468403488055,37.29116945107398,-4.657428253233955
2021-10-31,0.08,21160.7,5.336135652537788,4605.38,16214.69,162.23,74.89,61390.45,93.78,19.02,neutral,6.9143873301234615,9.13302368531399,-2.535295884650046,-1.030791595083913,40.41692932224339,-0.3612409689757845,-17.340286831812268,-5.256135652537788
2021-11-30,0.08,21335.9,5.93019057933839,4567.0,16573.34,165.78,74.11,57770.12,95.02,21.45,neutral,-0.8333731418471491,2.211883175071483,2.188251248227835,-1.0415275737748697,-5.897220170238193,1.3222435487310724,12.77602523659307,-5.85019057933839
2021-12-31,0.08,21498.8,6.141969176624196,4765.75,16930.31,167.98,73.33,46300.34,95.92,17.23,neutral,4.35187212612218,2.153880871327085,1.3270599589817689,-1.052489542571855,-19.85417374933617,0.9471690170490543,-19.67365967365967,-6.061969176624196
2022-01-31,0.08,21650.0,6.272433512016362,4515.55,15832.8,174.45,72.55,38490.12,96.78,24.89,neutral,-5.249960656769659,-6.482515677503853,3.8516490058340347,-1.063684712941504,-16.868601828841847,0.8965804837364422,44.45734184561812,-6.192433512016362
2022-02-28,0.08,21724.8,6.545539906103293,4373.77,14657.89,182.78,71.77,43570.45,97.56,30.11,neutral,-3.1398168550896277,-7.420734172098431,4.77500716537691,-1.075120606478297,13.199049522318962,0.8059516429014257,20.972278023302525,-6.4655399061032925
2022-03-31,0.2,21786.8,6.926410970164576,4530.41,14201.19,191.23,70.99,47060.12,99.34,28.92,neutral,3.581349728037808,-3.1157281163932793,4.62304409672829,-1.0868050717570021,8.009258568594092,1.8245182451824604,-3.9521753570242346,-6.726410970164576
2022-04-30,0.33,21769.5,6.684755338326309,4131.93,13174.36,186.78,70.21,37670.34,100.12,33.45,neutral,-8.795671914903934,-7.23059123918488,-2.3270407362861456,-1.0987463022961053,-19.952732802211315,0.7851822025367383,15.663900414937771,-6.354755338326309
2022-05-31,0.77,21719.5,6.794545874740021,4132.15,12687.88,182.98,69.43,31840.12,101.89,26.76,hike,0.005324388360872234,-3.6926271940344813,-2.034479066281192,-1.1109528557185389,-15.476950831874625,1.767878545745094,-20.000000000000007,-6.024545874740021
2022-06-30,1.21,21651.2,7.243471864656126,3785.38,11028.25,179.45,68.65,19940.45,105.11,31.15,hike,-8.391999322386646,-13.080435817488812,-1.9291725871679932,-1.1234336742042328,-37.37319457338728,3.160270880361171,16.405082212257092,-6.033471864656126
2022-07-31,1.68,21652.8,6.750201361938935,4130.29,12668.38,173.23,67.87,23810.12,106.34,21.32,hike,9.11163476322059,14.872078525604682,-3.466146558930061,-1.1361981063364945,19.406131757307364,1.1702026448482616,-31.556982343499197,-5.070201361938936
2022-08-31,2.33,21638.2,6.6396775899483895,3955.0,12214.09,161.78,67.09,20040.34,108.21,23.89,hike,-4.244011921681046,-3.586014944294369,-6.609709634589844,-1.149255930455284,-15.832679549704077,1.7585104382170202,12.054409005628507,-4.3096775899483895
2022-09-30,2.56,21536.5,6.667939000672507,3585.62,10829.5,154.98,66.31,19420.12,111.78,31.63,hike,-9.339570164348931,-11.336006202672488,-4.203238966497724,-1.162617379639297,-3.094857672075435,3.2991405600221846,32.398493093344484,-4.107939000672507
2022-10-31,3.08,21461.5,6.461602354598139,3871.98,11468.0,162.45,65.53,20490.45,111.23,25.89,hike,7.986345457689326,5.895932406851645,4.819976771196277,-1.1762931684512146,5.51144895088187,-0.4920379316514567,-18.14732848561492,-3.3816023545981393
2022-11-30,3.78,21406.5,6.030493273542614,4080.11,11856.82,170.78,64.75,16590.12,107.78,22.45,hike,5.375286029369986,3.390477851412621,5.127731609726083,-1.1902945215931604,-19.03486746264724,-3.1016812011148143,-13.286983391270768,-2.2504932735426144
2022-12-31,4.1,21291.0,5.520050627946982,3839.5,10939.76,170.98,63.97,16600.34,103.56,21.67,hike,-5.897144929916109,-7.734451564584766,0.11710973181870976,-1.2046332046332098,0.06160292993662164,-3.9153831879755074,-3.4743875278396286,-1.4200506279469822
2023-01-31,4.33,21279.4,5.507734586232882,4173.84,12280.24,182.45,63.19,23450.12,102.11,19.76,hike,8.707904675087907,12.253285264027735,6.708386945841616,-1.2193215569798355,41.26288979623307,-1.4001544998068827,-8.814028610982927,-1.1777345862328819
2023-02-28,4.57,21242.9,5.197803844154003,4136.48,12221.91,178.78,62.41,23140.45,105.23,19.02,hike,-0.8950989975658019,-0.47499071679381055,-2.0115100027404687,-1.2343725272986217,-1.3205476134024008,3.0555283517774923,-3.7449392712550655,-0.6278038441540028
2023-03-31,4.65,20946.8,4.428273156924578,4109.31,12343.58,190.23,61.63,28020.12,104.56,19.23,hike,-0.656838664758419,0.9955072488669892,6.404519521199226,-1.249799711584676,21.08718715496025,-0.6367005606766174,1.104100946372255,0.22172684307542223
2023-04-30,4.83,20761.4,4.476012960317743,4169.48,12821.99,191.78,60.85,29250.34,101.78,16.76,hike,1.464236088297044,3.875779960108816,0.8148031330494687,-1.2656173941262394,4.390487977924429,-2.6587605202754383,-12.844513780551214,0.35398703968225664
2023-05-31,5.06,20829.6,4.003462454014284,4181.47,13091.26,194.98,60.07,27720.12,103.12,17.02,hike,0.28756583554785387,2.100064030622395,1.6685785796224817,-1.2818405916187325,-5.231460557381562,1.3165651404991152,1.55131264916466,1.0565375459857158
2023-06-30,5.08,20799.3,3.284521339529123,4450.46,14346.02,190.45,59.29,30470.45,102.78,16.12,hike,6.43290517449604,9.584715298603808,-2.323315211816601,-1.2984851007158293,9.92178244538624,-0.32971295577968185,-5.287896592244412,1.7954786604708772
2023-07-31,5.12,20791.2,3.40904219289897,4588.96,15222.16,193.23,58.51,29230.12,101.23,16.34,hike,3.112037856760863,6.107199069846536,1.4597007088474667,-1.3155675493337848,-4.070599548086761,-1.5080755010702496,1.3647642679900596,1.71095780710103
2023-08-31,5.33,20777.2,3.43205991996991,4507.66,14765.31,183.78,57.73,26020.34,104.12,19.45,hike,-1.771643248143373,-3.001216647308924,-4.890544946436881,-1.3331054520594798,-10.981070211138366,2.854884915538869,19.033047735618112,1.8979400800300903
2023-09-30,5.33,20747.8,3.4488928270185903,4288.05,14024.56,179.98,56.95,27130.12,106.34,17.89,neutral,-4.871929116215501,-5.016826602353763,-2.0676896289041347,-1.3511172700502283,4.265048035498387,2.1321552055320714,-8.020565552699221,1.8811071729814097
2023-10-31,5.33,20732.9,3.0232617305099296,4193.8,13600.34,183.45,56.17,34600.45,106.89,18.76,neutral,-2.1979687736850106,-3.024836429805988,1.9279919991110228,-1.3696224758560138,27.535189671110928,0.5172089524167811,4.8630519843487985,2.3067382694900704
2023-11-30,5.33,20746.5,2.7650899986466198,4567.59,15071.47,189.78,55.39,38720.12,103.56,14.76,neutral,8.912919071009595,10.816861931392886,3.4505314799673004,-1.388641623642517,11.906405841542544,-3.115352231265789,-21.32196162046909,2.5649100013533803
2023-12-31,5.33,20777.9,2.7672658467360334,4769.83,16543.05,193.98,54.61,42260.34,101.23,13.89,neutral,4.427717899373618,9.764011075230217,2.213088839709121,-1.408196425347541,9.14310182922986,-2.249903437620704,-5.894308943089421,2.5627341532639667
2024-01-31,5.33,20843.9,2.6987514493606035,4927.93,17413.84,195.45,53.83,42530.12,103.78,18.02,neutral,3.314583538616689,5.263781467141793,0.7578100835137658,-1.42830983336385,0.6383763121641017,2.51901610194607,29.733621310295177,2.6312485506393966
2024-02-29,5.33,20927.4,2.705057426970159,5096.27,17946.82,199.78,53.05,62420.45,104.21,15.67,neutral,3.416038783018438,3.060668985129067,2.2154003581478676,-1.4490061304105573,46.76763197470404,0.41433802274040143,-13.041065482796888,2.6249425730298412
2024-03-31,5.33,20973.9,2.927939232712617,5243.77,18416.23,207.23,52.27,71140.12,105.34,16.89,neutral,2.8942736550457537,2.615560862592936,3.7291020122134366,-1.4703110273326936,13.969252064027081,1.0843489108530946,7.7855775366943325,2.402060767287383
2024-04-30,5.33,20959.7,2.826154012888593,5093.45,17890.12,203.78,51.49,64320.34,106.78,17.23,neutral,-2.866639841182972,-2.856773617618813,-1.6648168701442811,-1.4922517696575488,-9.58640497092217,1.3670020884753997,2.0130254588513807,2.503845987111407
2024-05-31,5.33,21020.6,2.6616729088639213,5277.51,18345.67,205.98,50.71,69110.12,105.12,15.45,neutral,3.6136606818561123,2.54637755364413,1.0795956423593989,-1.5148572538356997,7.446757899600653,-1.5545982393706637,-10.330818340104475,2.668327091136079
2024-06-30,5.33,21068.4,2.548373440470164,5421.03,18723.45,209.45,49.93,61870.45,104.56,14.89,neutral,2.7194642928199064,2.0592325055449168,1.6846295756869578,-1.5381581542102118,-10.475556980656375,-0.5327245053272422,-3.6245954692556537,2.781626559529836
2024-07-31,5.33,21095.3,2.594376777467322,5530.27,19012.34,212.78,49.15,65340.12,103.78,15.23,neutral,2.015115208733409,1.5429314576106412,1.5898782525662458,-1.562187061886644,5.607959858058265,-0.7459831675592943,2.2834116856951026,2.735623222532678
2024-08-31,5.33,21186.8,2.412994957427461,5467.89,18765.23,218.98,48.37,60120.34,104.21,16.76,neutral,-1.127973860227438,-1.2997348038168877,2.913807688692538,-1.586978636826042,-7.988629344421172,0.41433802274040143,10.045961917268563,2.917005042572539
2024-09-30,5.13,21269.5,2.260766436883843,5598.34,19123.45,223.45,47.59,63450.12,105.34,15.89,neutral,2.3857466042660036,1.9089560852704857,2.0412823088866494,-1.6125697746536938,5.538524898561792,1.0843489108530946,-5.19093078758951,2.8692335631161567
2024-10-31,4.83,21331.9,2.4776925356425616,5712.09,19456.78,226.78,46.81,68790.34,106.12,16.34,neutral,2.031852299074366,1.743043227032759,1.4902662788095933,-1.63899978987182,8.416406462273041,0.740459464590848,2.8319697923222087,2.3523074643574384
2024-11-30,4.64,21452.2,2.5878034125423,5834.56,19789.01,229.98,46.03,72340.12,105.78,14.76,cut,2.1440488507709077,1.707528172698658,1.4110591762942049,-1.6663106173894437,5.160288493994947,-0.32039200904636633,-9.669522643818851,2.0521965874576997
2024-12-31,4.48,21485.9,2.7280946901200087,5987.23,20123.45,232.45,45.25,69870.34,104.56,15.23,cut,2.6166497559370283,1.6900289605189966,1.0740064353422119,-1.6945470345426927,-3.414122066703784,-1.153337114766495,3.184281842818426,1.7519053098799917
2025-01-31,4.33,21548.1,2.607379530393517,6012.45,20345.67,235.78,44.47,71230.12,105.34,16.76,cut,0.4212298508659229,1.1042838081939177,1.4325661432566195,-1.723756906077356,1.9461476786859722,0.7459831675592943,10.045961917268563,1.722620469606483
2025-02-28,4.33,21613.5,2.710484673485713,6134.78,20678.9,238.98,43.69,73450.34,106.12,15.89,neutral,2.034611514440865,1.6378423517141583,1.357197387395015,-1.7539914549134283,3.1169679343513668,0.740459464590848,-5.19093078758951,1.619515326514287
2025-03-31,4.33,21693.6,2.3594336708984365,6245.12,20912.34,241.45,42.91,75670.12,105.78,16.34,neutral,1.7985975047190017,1.1288801628713152,1.033559293664732,-1.785305561913486,3.02215074838319,-0.32039200904636633,2.8319697923222087,1.9705663291015636
2025-04-30,4.33,21775.6,2.2774259978433964,6198.34,20789.01,239.78,42.13,74320.34,104.56,15.76,neutral,-0.7490648698503799,-0.5897474888032717,-0.6916545868709822,-1.8177580983453567,-1.7837688112560146,-1.153337114766495,-3.5495716034271707,2.0525740021566037
2025-05-31,4.33,21833.9,2.458086065440868,6287.09,21012.34,242.98,41.35,76890.12,105.34,16.23,neutral,1.4318349751707649,1.0742695299102767,1.3345566769538797,-1.8514122952765222,3.4577075400892943,0.7459831675592943,2.9822335025380786,1.871913934559132
2025-06-30,4.33,21938.8,2.5935129797068024,6345.78,21234.56,245.45,40.57,78910.34,106.12,15.89,neutral,0.9335002361982925,1.0575690284851724,1.0165445715696775,-1.8863361547763025,2.6274116882637255,0.740459464590848,-2.0948860135551417,1.7364870202931977
2025-07-31,4.33,22020.0,2.605547294239341,6412.34,21456.78,247.78,39.79,79870.12,105.78,16.34,neutral,1.0488860313468296,1.0465015521866183,0.9492768384599781,-1.922602908553117,1.2162918066250805,-0.32039200904636633,2.8319697923222087,1.7244527057606591
2025-08-31,4.33,22087.0,2.7476208541517,6389.01,21345.67,245.98,39.01,78760.34,104.56,15.76,neutral,-0.363829740781052,-0.5178316597364563,-0.7264508838485839,-1.9602915305353186,-1.389480822114697,-1.153337114766495,-3.5495716034271707,1.5823791458483
2025-09-30,4.22,22170.3,2.787442414870656,6456.78,21567.89,248.45,38.23,80120.12,105.34,16.23,neutral,1.0607277183789066,1.0410542278598056,1.0041466785917441,-1.9994873109459133,1.7264780725933848,0.7459831675592943,2.9822335025380786,1.4325575851293437
2025-10-31,4.09,22245.1,2.7125805259691216,6512.34,21789.01,250.78,37.45,81340.34,106.12,15.89,neutral,0.8604908328919469,1.0252277807425658,0.9378144495874485,-2.0402825006539227,1.522988233167899,0.740459464590848,-2.0948860135551417,1.3774194740308783
2025-11-30,3.88,22277.5,2.8201898312699925,6589.01,21912.34,252.98,36.67,82560.12,105.78,16.34,cut,1.1773033963214496,0.5660192913767181,0.8772629396283538,-2.082777036048067,1.4996003213165743,-0.32039200904636633,2.8319697923222087,1.0598101687300074
2025-12-31,3.72,22353.6,2.878083518031027,6645.78,22134.56,255.45,35.89,83780.34,104.56,15.76,cut,0.8615861866957175,1.0141317631982671,0.976361767728684,-2.1270793564221457,1.4779775029396758,-1.153337114766495,-3.5495716034271707,0.8419164819689731
2026-01-31,3.64,22429.3,2.856869483403357,6712.34,22356.78,257.78,35.11,84910.12,105.34,16.23,cut,1.0015378179837553,1.0039503834727181,0.9121158739479274,-2.1733073279465054,1.3485025245779658,0.7459831675592943,2.9822335025380786,0.7831305165966431
2026-02-28,3.64,22627.3,2.829551861881652,6789.01,22578.9,259.98,34.33,86120.34,106.12,15.89,neutral,1.1422246191343133,0.9935241121485472,0.8534409186127911,-2.221589290800341,1.4252953593753004,0.740459464590848,-2.0948860135551417,0.8104481381183479
2026-03-31,3.64,22686.0,3.496081498479442,6845.78,22790.12,262.45,33.55,87340.34,105.78,16.34,neutral,0.8362043950443265,0.9354751560084695,0.9500730825448,-2.272065249053312,1.4166223681885137,-0.32039200904636633,2.8319697923222087,0.14391850152055818
2026-04-30,3.64,22686.0,3.496081498479442,6912.34,23012.34,264.78,32.77,88560.12,106.12,15.76,neutral,0.972277812024358,0.9750716538570181,0.887788150123825,-2.324888226527555,1.3965826100516665,0.3214218188693607,-3.5495716034271707,0.14391850152055818
