,fedfunds,m2,pce_yoy,SP500,Nasdaq100,Gold_ETF,TBond_20Y,Bitcoin,DXY,VIX,cycle
1993-01-31,3.02,3419.1,,438.7799987792969,370.55999755859375,,,,92.45999908447266,12.420000076293944,neutral
1993-02-28,3.03,3414.5,,443.3800048828125,351.1400146484375,,,,94.0500030517578,13.15999984741211,neutral
1993-03-31,3.07,3411.7,,451.6700134277344,359.4200134277344,,,,91.87000274658205,12.529999732971191,neutral
1993-04-30,2.96,3411.3,,440.1900024414063,339.94500732421875,,,,89.48999786376953,12.420000076293944,neutral
1993-05-31,3.0,3436.9,,450.1900024414063,368.1099853515625,,,,89.08000183105469,13.470000267028809,neutral
1993-06-30,3.04,3442.4,,450.5299987792969,366.125,,,,93.62999725341795,11.260000228881836,neutral
1993-07-31,3.06,3442.0,,448.1300048828125,352.864990234375,,,,95.37000274658205,11.729999542236328,neutral
1993-08-31,3.03,3445.7,,463.55999755859375,372.6499938964844,,,,93.9499969482422,11.850000381469728,neutral
1993-09-30,3.09,3452.2,,458.9299926757813,382.7149963378906,,,,92.81999969482422,12.989999771118164,neutral
1993-10-31,2.99,3456.7,,467.8299865722656,390.9849853515625,,,,95.08000183105467,11.460000038146973,neutral
1993-11-30,3.02,3470.1,,461.7900085449219,386.760009765625,,,,96.20999908447266,13.760000228881836,neutral
1993-12-31,2.96,3474.5,,466.4500122070313,398.2799987792969,,,,96.83999633789062,11.65999984741211,neutral
1994-01-31,3.05,3474.9,1.977243051669464,481.6099853515625,413.989990234375,,,,95.58999633789062,10.630000114440918,neutral
1994-02-28,3.25,3475.7,2.059631532384487,467.1400146484375,412.1700134277344,,,,94.5500030517578,14.869999885559082,hike
1994-03-31,3.34,3480.1,2.1313176685614943,445.7699890136719,382.9599914550781,,,,93.05999755859376,20.450000762939453,hike
1994-04-30,3.56,3481.3,1.980442741723687,450.9100036621094,373.25,,,,92.12000274658205,13.770000457763672,hike
1994-05-31,4.01,3490.8,1.8141776908505716,456.5,378.8500061035156,,,,92.5199966430664,13.029999732971191,hike
1994-06-30,4.25,3479.5,2.0275575398352785,444.2699890136719,360.2999877929688,,,,89.62000274658203,14.970000267028809,hike
1994-07-31,4.26,3488.2,2.185708357029758,458.260009765625,370.1600036621094,,,,89.87000274658203,11.130000114440918,hike
1994-08-31,4.47,3485.7,2.2464324075494924,475.489990234375,397.8999938964844,,,,89.66999816894531,11.970000267028809,hike
1994-09-30,4.73,3486.1,2.2532879610043244,462.7099914550781,393.8500061035156,,,,87.87999725341797,14.279999732971191,hike
1994-10-31,4.76,3484.3,2.1056491908989505,472.3500061035156,413.0499877929688,,,,85.69000244140625,14.5600004196167,hike
1994-11-30,5.29,3487.2,2.106242469534969,453.6900024414063,404.8200073242188,,,,89.12999725341797,15.949999809265137,hike
1994-12-31,5.45,3486.4,2.148455368851221,459.2699890136719,404.2699890136719,,,,88.7300033569336,13.199999809265137,hike
1995-01-31,5.53,3492.4,2.321504786293516,470.4200134277344,405.3299865722656,,,,87.98999786376953,11.960000038146973,hike
1995-02-28,5.92,3489.9,2.265952916844083,487.3900146484375,432.5,,,,85.93000030517578,11.75,neutral
1995-03-31,5.98,3491.1,2.173286622078652,500.7099914550781,447.1499938964844,,,,81.9000015258789,13.369999885559082,neutral
1995-04-30,6.05,3499.2,2.320684692872832,514.7100219726562,469.55999755859375,,,,81.80000305175781,11.75,neutral
1995-05-31,6.01,3524.2,2.329415679690205,533.4000244140625,488.1000061035156,,,,82.56999969482422,12.850000381469728,neutral
1995-06-30,6.0,3548.9,2.180408015451452,544.75,538.030029296875,,,,81.58000183105469,11.380000114440918,neutral
1995-07-31,5.85,3567.4,1.9870338893819504,562.0599975585938,568.8800048828125,,,,81.56999969482422,13.489999771118164,cut
1995-08-31,5.74,3589.0,1.9719662634690935,561.8800048828125,576.77001953125,,,,85.56999969482422,11.520000457763672,cut
1995-09-30,5.8,3602.1,1.929303831624396,584.4099731445312,585.0800170898438,,,,84.29000091552734,12.739999771118164,cut
1995-10-31,5.76,3613.4,2.0203229523652944,581.5,598.780029296875,,,,83.66000366210938,13.829999923706056,cut
1995-11-30,5.8,3619.9,1.8238035490231173,605.3699951171875,593.719970703125,,,,85.26000213623047,11.579999923706056,cut
1995-12-31,5.6,3629.5,1.9539938200653808,615.9299926757812,576.22998046875,,,,84.76000213623047,12.520000457763672,cut
1996-01-31,5.56,3647.9,1.973870424717328,636.02001953125,591.8200073242188,,,,87.37999725341797,12.529999732971191,cut
1996-02-29,5.22,3661.8,1.95401956993726,640.4299926757812,622.8300170898438,,,,86.29000091552734,17.040000915527344,cut
1996-03-31,5.31,3686.9,2.073623274454484,645.5,609.6900024414062,,,,86.5199966430664,18.8799991607666,cut
1996-04-30,5.22,3697.7,2.11112262572728,654.1699829101562,666.72998046875,,,,88.0199966430664,15.829999923706056,cut
1996-05-31,5.24,3709.6,2.1300498144890767,669.1199951171875,692.3900146484375,,,,87.77999877929688,16.06999969482422,cut
1996-06-30,5.27,3722.5,2.0290325915205853,670.6300048828125,677.2999877929688,,,,87.81999969482422,13.68000030517578,cut
1996-07-31,5.4,3737.1,2.11645674168901,639.9500122070312,636.010009765625,,,,85.9000015258789,19.459999084472656,cut
1996-08-31,5.22,3744.0,1.9941720138929808,651.989990234375,663.5700073242188,,,,86.36000061035156,17.010000228881836,cut
1996-09-30,5.3,3753.4,2.211927347599074,687.3300170898438,737.5700073242188,,,,87.94000244140625,16.950000762939453,cut
1996-10-31,5.24,3772.8,2.2560912998195626,705.27001953125,751.989990234375,,,,87.43000030517578,18.11000061035156,cut
1996-11-30,5.31,3795.1,2.44099223987444,757.02001953125,834.010009765625,,,,87.91999816894531,17.139999389648438,cut
1996-12-31,5.29,3818.6,2.3631039531478937,740.739990234375,821.3599853515625,,,,88.18000030517578,20.920000076293945,cut
1997-01-31,5.25,3834.6,2.268743060830936,786.1599731445312,921.5499877929688,,,,93.04000091552734,19.46999931335449,cut
1997-02-28,5.19,3846.3,2.320595099183187,790.8200073242188,850.4600219726562,,,,94.88999938964844,21.100000381469727,cut
1997-03-31,5.39,3861.2,2.120203004348009,757.1199951171875,797.0599975585938,,,,94.72000122070312,22.13999938964844,cut
1997-04-30,5.51,3877.0,1.9152421962217003,801.3400268554688,874.739990234375,,,,97.18000030517578,20.059999465942383,cut
1997-05-31,5.5,3889.2,1.6933943148266015,848.280029296875,958.8499755859376,,,,94.8499984741211,19.190000534057617,cut
1997-06-30,5.56,3906.0,1.8251291774616265,885.1400146484375,957.2999877929688,,,,95.66999816894533,21.530000686645508,cut
1997-07-31,5.52,3923.9,1.6710718257579191,954.3099975585938,1107.030029296875,,,,99.63999938964844,21.479999542236328,cut
1997-08-31,5.54,3957.4,1.6550510078928935,899.469970703125,1074.050048828125,,,,99.0,24.76000022888184,cut
1997-09-30,5.54,3973.1,1.6129728485302142,947.280029296875,1097.1600341796875,,,,97.11000061035156,22.90999984741211,cut
1997-10-31,5.5,3992.3,1.4388386004676512,914.6199951171876,1019.6199951171876,,,,95.63999938964844,35.09000015258789,cut
1997-11-30,5.52,4014.8,1.2644451763492937,955.4000244140624,1050.510009765625,,,,97.79000091552734,27.43000030517578,cut
1997-12-31,5.5,4032.9,1.1256686786623504,970.4299926757812,990.8300170898438,,,,99.6500015258789,24.01000022888184,cut
1998-01-31,5.56,4056.2,1.0442111277765953,980.280029296875,1071.1300048828125,,,,100.79000091552734,21.46999931335449,cut
1998-02-28,5.51,4088.9,0.7811720431640357,1049.3399658203125,1194.1300048828125,,,,99.81999969482422,18.549999237060547,cut
1998-03-31,5.49,4114.3,0.6906372374510417,1101.75,1220.6600341796875,,,,101.5,24.21999931335449,cut
1998-04-30,5.45,4140.2,0.7169886476797505,1111.75,1248.1199951171875,,,,99.70999908447266,21.18000030517578,cut
1998-05-31,5.49,4164.4,0.9009137229227582,1090.8199462890625,1192.0699462890625,,,,100.4499969482422,21.31999969482422,cut
1998-06-30,5.56,4184.1,0.6865476461223485,1133.8399658203125,1337.3399658203125,,,,101.16999816894533,19.709999084472656,cut
1998-07-31,5.54,4203.8,0.8750745802199145,1120.6700439453125,1377.260009765625,,,,101.1999969482422,24.799999237060547,cut
1998-08-31,5.55,4228.7,0.9339957416607536,957.280029296875,1140.3399658203125,,,,100.1999969482422,44.27999877929688,cut
1998-09-30,5.51,4267.7,0.6329651656754365,1017.010009765625,1345.47998046875,,,,96.16999816894533,40.95000076293945,neutral
1998-10-31,5.07,4307.9,0.7226496209978395,1098.6700439453125,1400.52001953125,,,,93.7300033569336,28.049999237060547,neutral
1998-11-30,4.83,4346.6,0.7211946377057687,1163.6300048828125,1557.9599609375,,,,96.1999969482422,26.01000022888184,neutral
1998-12-31,4.68,4375.6,0.8444010692918225,1229.22998046875,1836.010009765625,,,,94.16999816894533,24.420000076293945,neutral
1999-01-31,4.63,4403.0,0.9358742365980444,1279.6400146484375,2127.18994140625,,,,96.08000183105467,26.25,neutral
1999-02-28,4.76,4425.8,0.932120680631976,1238.3299560546875,1925.280029296875,,,,98.68000030517578,27.8799991607666,neutral
1999-03-31,4.81,4432.6,0.9927874416631566,1286.3699951171875,2106.389892578125,,,,100.0999984741211,23.26000022888184,neutral
1999-04-30,4.74,4461.4,1.3545580383626632,1335.1800537109375,2136.389892578125,,,,101.0,25.06999969482422,neutral
1999-05-31,4.74,4486.1,1.2821778686790353,1301.8399658203125,2089.699951171875,,,,102.51000213623048,25.38999938964844,neutral
1999-06-30,4.76,4508.0,1.3990259052728105,1372.7099609375,2296.77001953125,,,,102.8499984741211,21.09000015258789,hike
1999-07-31,4.99,4535.4,1.4181101253344377,1328.719970703125,2270.929931640625,,,,99.75,24.63999938964844,hike
1999-08-31,5.07,4552.7,1.4625639871744367,1320.4100341796875,2396.8701171875,,,,99.9499969482422,24.450000762939453,hike
1999-09-30,5.22,4568.8,1.885544626901381,1282.7099609375,2407.89990234375,,,,98.54000091552734,25.40999984741211,hike
1999-10-31,5.2,4592.7,1.8336773233365689,1362.9300537109375,2637.43994140625,,,,99.05999755859376,22.200000762939453,hike
1999-11-30,5.42,4611.8,1.920646954763705,1388.9100341796875,2966.7099609375,,,,101.98999786376952,24.18000030517578,hike
1999-12-31,5.3,4639.3,2.0547560941400977,1469.25,3707.830078125,,,,101.87000274658205,24.63999938964844,hike
2000-01-31,5.45,4667.6,2.1891369506148672,1394.4599609375,3570.050048828125,,,,105.12999725341795,24.950000762939453,hike
2000-02-29,5.73,4680.9,2.5687379130580945,1366.4200439453125,4266.93994140625,,,,105.91999816894533,23.3700008392334,hike
2000-03-31,5.85,4711.7,2.930879964151667,1498.5799560546875,4397.83984375,,,,105.44000244140624,24.11000061035156,hike
2000-04-30,6.02,4767.8,2.350990147302689,1452.4300537109375,3773.179931640625,,,,110.13999938964844,26.200000762939453,hike
2000-05-31,6.27,4755.7,2.368948805080495,1420.5999755859375,3324.080078125,,,,108.73999786376952,23.64999961853028,neutral
2000-06-30,6.53,4773.6,2.684264750925869,1454.5999755859375,3763.7900390625,,,,106.83999633789062,19.540000915527344,neutral
2000-07-31,6.54,4791.3,2.668814307732892,1430.8299560546875,3609.35009765625,,,,109.56999969482422,20.739999771118164,neutral
2000-08-31,6.5,4819.5,2.475467095414974,1517.6800537109375,4077.590087890625,,,,112.5999984741211,16.84000015258789,neutral
2000-09-30,6.52,4855.2,2.548096178546277,1436.510009765625,3570.610107421875,,,,113.25,20.56999969482422,neutral
2000-10-31,6.51,4871.3,2.5148561265149194,1429.4000244140625,3282.300048828125,,,,116.6500015258789,23.6299991607666,neutral
2000-11-30,6.51,4882.7,2.5663277956855968,1314.949951171875,2506.5400390625,,,,115.23999786376952,29.64999961853028,neutral
2000-12-31,6.4,4927.6,2.4847793521432404,1320.280029296875,2341.699951171875,,,,109.55999755859376,26.850000381469727,neutral
2001-01-31,5.98,4978.3,2.7014432367977514,1366.010009765625,2593.0,,,,110.5199966430664,22.020000457763672,cut
2001-02-28,5.49,5017.0,2.537197196376595,1239.93994140625,1908.3199462890625,,,,112.01000213623048,28.350000381469727,cut
2001-03-31,5.31,5074.8,2.1087000884293827,1160.3299560546875,1573.25,,,,117.37000274658205,28.63999938964844,cut
2001-04-30,4.8,5139.1,2.373236751810892,1249.4599609375,1855.1500244140625,,,,115.8499984741211,25.479999542236328,cut
2001-05-31,4.21,5137.2,2.5576491395143286,1255.8199462890625,1799.8900146484375,,,,119.06999969482422,22.63999938964844,cut
2001-06-30,3.97,5180.1,2.3917346855763637,1224.3800048828125,1830.18994140625,,,,119.43000030517578,19.059999465942383,cut
2001-07-31,3.77,5210.0,2.1017325092305805,1211.22998046875,1683.6099853515625,,,,117.18000030517578,21.6200008392334,cut
2001-08-31,3.65,5243.8,2.0964644142072557,1133.5799560546875,1469.699951171875,,,,113.41999816894533,24.920000076293945,cut
2001-09-30,3.07,5355.1,1.3130959435436296,1040.93994140625,1168.3699951171875,,,,113.4800033569336,31.93000030517578,cut
2001-10-31,2.49,5343.8,1.531881699460702,1059.780029296875,1364.780029296875,,,,114.86000061035156,33.560001373291016,cut
2001-11-30,2.09,5387.5,1.321568153430852,1139.449951171875,1596.050048828125,,,,116.12999725341795,23.84000015258789,cut
2001-12-31,1.82,5440.5,1.0620750693969505,1148.0799560546875,1577.050048828125,,,,116.75,23.799999237060547,cut
2002-01-31,1.73,5460.9,0.6659371163187933,1130.199951171875,1550.1700439453125,,,,120.23999786376952,21.09000015258789,cut
2002-02-28,1.74,5490.2,0.679565078349853,1106.72998046875,1359.219970703125,,,,119.16000366210938,21.59000015258789,cut
2002-03-31,1.73,5502.0,0.9433082406235416,1147.3900146484375,1452.81005859375,,,,118.62000274658205,17.399999618530273,cut
2002-04-30,1.75,5502.1,1.1877053213986466,1076.9200439453125,1277.0699462890625,,,,115.19000244140624,21.90999984741211,cut
2002-05-31,1.75,5528.3,0.9882602639782244,1067.1400146484375,1208.3399658203125,,,,111.80999755859376,19.979999542236328,cut
2002-06-30,1.75,5553.3,0.9362006409068035,989.8200073242188,1051.4100341796875,,,,106.11000061035156,25.39999961853028,cut
2002-07-31,1.73,5596.0,1.1921635118487872,911.6199951171876,962.0999755859376,,36.5568962097168,,107.41000366210938,32.029998779296875,cut
2002-08-31,1.74,5638.3,1.402946319749887,916.0700073242188,942.3800048828124,,38.57233047485352,,106.9800033569336,32.63999938964844,cut
2002-09-30,1.75,5662.3,1.9328166748640685,815.280029296875,832.52001953125,,40.21515655517578,,106.87000274658205,39.68999862670898,cut
2002-10-31,1.75,5707.1,1.7604514385630263,885.760009765625,989.5399780273438,,38.72949600219727,,106.63999938964844,31.13999938964844,cut
2002-11-30,1.34,5758.1,1.9299850214074652,936.3099975585938,1116.0999755859375,,38.37466049194336,,106.41000366210938,27.5,cut
2002-12-31,1.24,5779.4,2.13367302257077,879.8200073242188,984.3699951171876,,40.111289978027344,,101.8499984741211,28.6200008392334,cut
2003-01-31,1.24,5812.1,2.34651535840702,855.7000122070312,983.0499877929688,,39.880313873291016,,99.91000366210938,31.170000076293945,cut
2003-02-28,1.26,5848.2,2.6046216151830226,841.1500244140625,1009.739990234375,,41.11557388305664,,99.70999908447266,29.6299991607666,cut
2003-03-31,1.25,5868.4,2.589654580732015,848.1799926757812,1018.6599731445312,,40.55447006225586,,99.05999755859376,29.14999961853028,cut
2003-04-30,1.26,5905.5,1.988696109358568,916.9199829101562,1106.06005859375,,40.97959518432617,,97.19000244140624,21.209999084472656,cut
2003-05-31,1.26,5965.3,1.80480756600554,963.5900268554688,1197.8900146484375,,43.56938171386719,,93.2699966430664,19.46999931335449,cut
2003-06-30,1.22,6002.2,1.788127254837657,974.5,1201.68994140625,,42.78219985961914,,94.7300033569336,19.520000457763672,neutral
2003-07-31,1.01,6049.1,1.8627361145654664,990.3099975585938,1276.93994140625,,38.51217651367188,,96.88999938964844,19.489999771118164,neutral
2003-08-31,1.03,6107.1,2.0067151797029004,1008.010009765625,1341.199951171875,,39.01495361328125,,98.0999984741211,18.6299991607666,neutral
2003-09-30,1.01,6079.7,2.141338793182146,995.969970703125,1303.699951171875,,41.33025360107422,,92.8499984741211,22.71999931335449,neutral
2003-10-31,1.01,6070.0,1.9682118170812668,1050.7099609375,1416.3900146484375,,40.07745742797852,,92.7300033569336,16.100000381469727,neutral
2003-11-30,1.0,6075.5,1.996176703902619,1058.199951171875,1424.25,,40.21344757080078,,90.20999908447266,16.31999969482422,neutral
2003-12-31,0.98,6073.8,2.122877447350291,1111.9200439453125,1467.9200439453125,,40.753665924072266,,86.91999816894531,18.309999465942383,neutral
2004-01-31,1.0,6082.1,2.212406575044379,1131.1300048828125,1493.0799560546875,,41.51202774047852,,87.19999694824219,16.6299991607666,neutral
2004-02-29,1.01,6121.8,2.000619147124838,1144.93994140625,1470.3800048828125,,42.45926284790039,,87.30999755859375,14.550000190734863,neutral
2004-03-31,1.0,6157.9,1.8964297201672584,1126.2099609375,1438.4100341796875,,43.05837631225586,,87.61000061035156,16.739999771118164,neutral
2004-04-30,1.0,6198.9,2.259224414573469,1107.300048828125,1401.3599853515625,,40.37356948852539,,90.4800033569336,17.190000534057617,neutral
2004-05-31,1.0,6275.7,2.709537572254317,1120.6800537109375,1466.219970703125,,40.26940536499024,,88.94999694824219,15.5,neutral
2004-06-30,1.03,6277.9,2.890910965613247,1140.8399658203125,1516.6400146484375,,40.6936149597168,,88.80000305175781,14.34000015258789,hike
2004-07-31,1.26,6291.1,2.684537884239746,1101.719970703125,1400.3900146484375,,41.316871643066406,,89.95999908447266,15.31999969482422,hike
2004-08-31,1.43,6317.8,2.391167919671111,1104.239990234375,1368.6800537109375,,43.03794097900391,,88.94000244140625,15.289999961853027,hike
2004-09-30,1.61,6352.2,2.273916984793756,1114.5799560546875,1412.739990234375,,43.446556091308594,,87.36000061035156,13.34000015258789,hike
2004-10-31,1.76,6379.8,2.700011489410592,1130.199951171875,1486.719970703125,,44.21328353881836,,84.91000366210938,16.270000457763672,hike
2004-11-30,1.93,6406.3,2.9656262749897966,1173.8199462890625,1571.5,45.119998931884766,43.15404891967773,,81.81999969482422,13.239999771118164,hike
2004-12-31,2.16,6424.5,2.7937154125055708,1211.9200439453125,1621.1199951171875,43.79999923706055,44.30143356323242,,80.8499984741211,13.289999961853027,hike
2005-01-31,2.28,6430.8,2.53203056685547,1181.27001953125,1519.6300048828125,42.220001220703125,45.88237762451172,,83.5999984741211,12.81999969482422,hike
2005-02-28,2.5,6438.9,2.598732880610055,1203.5999755859375,1511.02001953125,43.52999877929688,45.20695114135742,,82.51000213623047,12.079999923706056,hike
2005-03-31,2.63,6448.3,2.747509438250484,1180.5899658203125,1482.530029296875,42.81999969482422,45.00139236450195,,84.05999755859375,14.020000457763672,hike
2005-04-30,2.79,6461.8,2.844503818718014,1156.8499755859375,1420.7900390625,43.34999847412109,46.74076461791992,,84.43000030517578,15.3100004196167,hike
2005-05-31,3.0,6479.0,2.568966383598825,1191.5,1542.6300048828125,41.650001525878906,48.207313537597656,,87.76000213623047,13.289999961853027,hike
2005-06-30,3.04,6511.7,2.3411957760769653,1191.3299560546875,1493.52001953125,43.43999862670898,49.25086212158203,,89.11000061035156,12.039999961853027,hike
2005-07-31,3.26,6543.5,2.679431825292533,1234.1800537109375,1605.1400146484375,42.81999969482422,47.585784912109375,,89.3499984741211,11.56999969482422,hike
2005-08-31,3.5,6576.3,3.0408025417156592,1220.3299560546875,1581.7099609375,43.400001525878906,49.24015426635742,,87.58000183105469,12.600000381469728,hike
2005-09-30,3.62,6610.1,3.830020972735437,1228.81005859375,1601.6600341796875,46.70000076293945,47.46113967895508,,89.5199966430664,11.920000076293944,hike
2005-10-31,3.78,6643.9,3.551362370723954,1207.010009765625,1579.1800537109375,46.400001525878906,46.39756393432617,,90.06999969482422,15.31999969482422,hike
2005-11-30,4.0,6660.7,2.938408578716656,1249.47998046875,1672.56005859375,49.09999847412109,46.717811584472656,,91.56999969482422,12.0600004196167,hike
2005-12-31,4.16,6687.8,2.8836276778752667,1248.2900390625,1645.199951171875,51.58000183105469,48.11085891723633,,91.16999816894533,12.06999969482422,hike
2006-01-31,4.29,6730.1,3.246937842213904,1280.0799560546875,1710.75,56.70000076293945,47.46693801879883,,88.95999908447266,12.949999809265137,hike
2006-02-28,4.49,6754.7,3.0222353695212645,1280.6600341796875,1670.5699462890625,56.06999969482422,47.9927864074707,,90.11000061035156,12.34000015258789,hike
2006-03-31,4.59,6769.3,2.9136712749615823,1294.8699951171875,1703.6600341796875,58.09999847412109,45.799560546875,,89.7300033569336,11.390000343322754,hike
2006-04-30,4.79,6806.9,3.102827101944805,1310.6099853515625,1700.7099609375,65.08999633789062,44.53898239135742,,86.11000061035156,11.59000015258789,hike
2006-05-31,4.94,6813.7,3.321534862643749,1270.0899658203125,1579.5799560546875,64.2300033569336,44.45395660400391,,84.72000122070312,16.440000534057617,hike
2006-06-30,4.99,6851.8,3.511627906976744,1270.199951171875,1575.22998046875,61.22999954223633,44.97775268554688,,85.22000122070312,13.079999923706056,neutral
2006-07-31,5.24,6893.6,3.4273456353752785,1276.6600341796875,1509.4300537109375,63.15999984741211,45.95073699951172,,85.30000305175781,14.949999809265137,neutral
2006-08-31,5.25,6925.1,3.335882588586636,1303.8199462890625,1579.72998046875,62.290000915527344,47.35508346557617,,85.05000305175781,12.3100004196167,neutral
2006-09-30,5.25,6952.4,2.0800269321406217,1335.8499755859375,1654.1300048828125,59.470001220703125,48.26193618774414,,85.97000122070312,11.979999542236328,neutral
2006-10-31,5.25,7001.7,1.67697016985775,1377.93994140625,1732.5400390625,60.2400016784668,48.6705207824707,,85.31999969482422,11.100000381469728,neutral
2006-11-30,5.25,7037.2,1.9246731063020883,1400.6300048828125,1791.25,64.38999938964844,49.79392623901367,,82.91999816894531,10.90999984741211,neutral
2006-12-31,5.24,7080.1,2.2867522344251823,1418.300048828125,1756.9000244140625,63.209999084472656,48.45164108276367,,83.72000122070312,11.5600004196167,neutral
2007-01-31,5.25,7118.3,2.133263102449301,1438.239990234375,1792.280029296875,64.83000183105469,47.96949768066406,,84.61000061035156,10.420000076293944,neutral
2007-02-28,5.26,7134.3,2.389213246554367,1406.8199462890625,1761.5999755859375,66.4800033569336,49.595123291015625,,83.56999969482422,15.420000076293944,neutral
2007-03-31,5.26,7168.2,2.564898622023759,1420.8599853515625,1772.3599853515625,65.73999786376953,48.75186538696289,,82.93000030517578,14.640000343322754,neutral
2007-04-30,5.25,7240.7,2.3307779164438047,1482.3699951171875,1867.75,67.08999633789062,49.193092346191406,,81.44999694824219,14.220000267028809,neutral
2007-05-31,5.25,7254.6,2.352983013477794,1530.6199951171875,1928.18994140625,65.54000091552734,48.05486297607422,,82.30000305175781,13.050000190734863,neutral
2007-06-30,5.25,7287.8,2.3176341212501006,1503.3499755859375,1934.0999755859373,64.2699966430664,47.56784057617188,,81.91999816894531,16.229999542236328,neutral
2007-07-31,5.26,7318.7,2.1247260128685497,1455.27001953125,1932.06005859375,65.79000091552734,49.14664459228516,,80.7699966430664,23.520000457763672,neutral
2007-08-31,5.02,7394.8,1.873715124816444,1473.989990234375,1988.72998046875,66.5199966430664,50.02523422241211,,80.79000091552734,23.3799991607666,neutral
2007-09-30,4.94,7413.0,2.534687050952855,1526.75,2091.110107421875,73.51000213623047,50.13939666748047,,77.72000122070312,18.0,cut
2007-10-31,4.76,7428.1,3.08847488843238,1549.3800048828125,2238.97998046875,78.62000274658203,51.04997634887695,,76.4800033569336,18.530000686645508,cut
2007-11-30,4.49,7453.6,3.5996270550330056,1481.1400146484375,2089.10009765625,77.31999969482422,53.78182220458984,,76.1500015258789,22.8700008392334,cut
2007-12-31,4.24,7483.9,3.471634208298058,1468.3599853515625,2084.929931640625,82.45999908447266,53.44418716430664,,76.69999694824219,22.5,cut
2008-01-31,3.94,7517.5,3.387406817009708,1378.550048828125,1841.4200439453125,91.4000015258789,54.56429290771485,,75.18000030517578,26.200000762939453,cut
2008-02-29,2.98,7604.0,3.272922728175653,1330.6300048828125,1745.27001953125,96.18000030517578,54.315879821777344,,73.70999908447266,26.540000915527344,cut
2008-03-31,2.61,7670.0,3.1911425710759778,1322.699951171875,1781.9300537109375,90.41000366210938,55.47760772705078,,71.80000305175781,25.61000061035156,cut
2008-04-30,2.28,7712.5,3.13951867682587,1385.5899658203125,1917.699951171875,86.6500015258789,54.09830093383789,,72.51000213623047,20.790000915527344,cut
2008-05-31,1.98,7725.2,3.282143932550441,1400.3800048828125,2032.5699462890625,87.44999694824219,52.643985748291016,,72.87999725341797,17.829999923706055,cut
2008-06-30,2.0,7743.9,3.8114389395462736,1280.0,1837.0899658203125,91.4000015258789,54.04093551635742,,72.45999908447266,23.950000762939453,cut
2008-07-31,2.01,7791.2,4.135655023597695,1267.3800048828125,1849.1500244140625,90.08000183105467,53.84242630004883,,73.2300033569336,22.940000534057617,cut
2008-08-31,2.0,7805.8,3.9806273062730657,1282.8299560546875,1872.5400390625,81.70999908447266,55.31733703613281,,77.37999725341797,20.64999961853028,cut
2008-09-30,1.81,7872.4,3.6678383532060543,1166.3599853515625,1594.6300048828125,85.06999969482422,56.1338005065918,,79.44999694824219,39.38999938964844,cut
2008-10-31,0.97,7974.9,2.6718431480336147,968.75,1334.780029296875,71.33999633789062,55.08930587768555,,85.62999725341797,59.88999938964844,cut
2008-11-30,0.39,8027.0,0.9250293343662008,896.239990234375,1185.75,80.30999755859375,62.98987579345703,,86.5199966430664,55.27999877929688,cut
2008-12-31,0.16,8204.7,0.1295690125477477,903.25,1211.6500244140625,86.5199966430664,71.58946228027344,,81.30999755859375,40.0,cut
2009-01-31,0.15,8289.0,-0.1111035530462767,825.8800048828125,1180.25,91.30999755859376,62.23210906982422,,86.0,44.84000015258789,cut
2009-02-28,0.22,8319.3,-0.1312484442533512,735.0900268554688,1116.989990234375,92.62999725341795,61.27883529663086,,88.01000213623047,46.34999847412109,cut
2009-03-31,0.18,8386.4,-0.5257516782309568,797.8699951171875,1237.010009765625,90.27999877929688,63.75896835327149,,85.43000030517578,44.13999938964844,cut
2009-04-30,0.15,8391.1,-0.5675739591662121,872.8099975585938,1394.3299560546875,87.2699966430664,59.32638931274414,,84.61000061035156,36.5,cut
2009-05-31,0.18,8449.2,-0.8892128279883504,919.1400146484376,1435.5699462890625,96.1999969482422,57.13438415527344,,80.43000030517578,28.920000076293945,cut
2009-06-30,0.21,8459.3,-1.018624689681269,919.3200073242188,1477.25,91.18000030517578,57.563453674316406,,80.12999725341797,26.350000381469727,cut
2009-07-31,0.16,8463.5,-1.4660091971854472,987.47998046875,1603.3599853515625,93.3499984741211,57.89502716064453,,78.3499984741211,25.920000076293945,cut
2009-08-31,0.16,8463.0,-1.1001197711041022,1020.6199951171876,1625.18994140625,93.4000015258789,59.18659591674805,,78.16999816894531,26.01000022888184,cut
2009-09-30,0.15,8461.6,-1.0227486786264397,1057.0799560546875,1718.989990234375,98.8499984741211,60.64148712158203,,76.6500015258789,25.61000061035156,cut
2009-10-31,0.12,8487.9,0.0133852383130239,1036.18994140625,1667.1300048828125,102.52999877929688,59.055084228515625,,76.30000305175781,30.690000534057617,cut
2009-11-30,0.12,8517.0,1.4606120122357291,1095.6300048828125,1767.4300537109375,115.63999938964844,59.77141189575195,,74.87999725341797,24.51000022888184,cut
2009-12-31,0.12,8512.2,2.089718268292118,1115.0999755859375,1860.31005859375,107.30999755859376,55.97845077514648,,77.86000061035156,21.68000030517578,cut
2010-01-31,0.11,8477.7,2.301720615608116,1073.8699951171875,1741.0400390625,105.95999908447266,57.48555755615234,,79.45999908447266,24.6200008392334,cut
2010-02-28,0.13,8527.3,2.116330183762716,1104.489990234375,1818.6800537109373,109.43000030517578,57.28865432739258,,80.36000061035156,19.5,cut
2010-03-31,0.16,8523.5,2.3727160339801934,1169.4300537109375,1958.3399658203125,108.9499969482422,56.110050201416016,,81.06999969482422,17.59000015258789,cut
2010-04-30,0.2,8554.8,2.282122430488709,1186.68994140625,2000.6300048828125,115.36000061035156,57.9738883972168,,81.87000274658203,22.049999237060547,cut
2010-05-31,0.2,8609.0,2.20846957131704,1089.4100341796875,1852.3900146484373,118.87999725341795,60.93544769287109,,86.4800033569336,32.06999969482422,cut
2010-06-30,0.18,8628.1,1.5622188231059877,1030.7099609375,1739.1400146484375,121.68000030517578,64.4683609008789,,86.0199966430664,34.540000915527344,cut
2010-07-31,0.18,8639.5,1.6373900721981194,1101.5999755859375,1864.0,115.48999786376952,63.85824966430664,,81.54000091552734,23.5,cut
2010-08-31,0.19,8687.9,1.4823951558645243,1049.3299560546875,1767.4300537109375,122.08000183105467,69.21656036376953,,83.19999694824219,26.049999237060547,cut
2010-09-30,0.19,8718.7,1.419551296404098,1141.199951171875,1998.0400390625,127.91000366210938,67.47201538085938,,78.72000122070312,23.700000762939453,cut
2010-10-31,0.19,8768.4,1.3584198610352205,1183.260009765625,2124.449951171875,132.6199951171875,64.45648956298828,,77.2699966430664,21.200000762939453,cut
2010-11-30,0.19,8789.0,1.3071968137772894,1180.550048828125,2117.330078125,135.4199981689453,63.36764526367188,,81.19999694824219,23.540000915527344,cut
2010-12-31,0.18,8823.2,1.477668197333748,1257.6400146484375,2217.860107421875,138.72000122070312,61.02366256713867,,79.02999877929688,17.75,cut
2011-01-31,0.17,8849.0,1.5598650927487467,1286.1199951171875,2281.909912109375,129.8699951171875,59.143402099609375,,77.73999786376953,19.530000686645508,cut
2011-02-28,0.16,8913.3,1.8450307320212025,1327.219970703125,2350.989990234375,137.66000366210938,60.119422912597656,,76.88999938964844,18.350000381469727,cut
2011-03-31,0.14,8971.5,2.1105460830258997,1325.8299560546875,2338.989990234375,139.86000061035156,60.13701629638672,,75.86000061035156,17.739999771118164,cut
2011-04-30,0.1,9035.1,2.488096556306063,1363.6099853515625,2404.080078125,152.3699951171875,61.5436897277832,,72.93000030517578,14.75,cut
2011-05-31,0.09,9107.8,2.7662471357885243,1345.199951171875,2372.5400390625,149.63999938964844,63.65019226074219,,74.63999938964844,15.449999809265137,cut
2011-06-30,0.09,9182.1,2.7884519551278464,1320.6400146484375,2325.070068359375,146.0,62.17155456542969,,74.30000305175781,16.520000457763672,cut
2011-07-31,0.07,9344.2,2.875699838456258,1292.280029296875,2362.81005859375,158.2899932861328,64.91619110107422,,73.9000015258789,25.25,cut
2011-08-31,0.1,9531.0,2.9767297960266115,1218.8900146484375,2241.010009765625,177.72000122070312,71.19190216064453,,74.12999725341797,31.6200008392334,cut
2011-09-30,0.08,9551.5,3.0190303779583205,1131.4200439453125,2139.179931640625,158.05999755859375,80.5936279296875,,78.55000305175781,42.959999084472656,cut
2011-10-31,0.07,9584.4,2.693632332390705,1253.300048828125,2360.080078125,167.33999633789062,77.5075454711914,,76.16999816894531,29.959999084472656,cut
2011-11-30,0.08,9636.5,2.699259844940816,1246.9599609375,2295.199951171875,170.1300048828125,79.04918670654297,,78.38999938964844,27.799999237060547,cut
2011-12-31,0.07,9683.9,2.5266248849541872,1257.5999755859375,2277.830078125,151.99000549316406,81.77232360839844,,80.16999816894531,23.39999961853028,cut
2012-01-31,0.08,9757.6,2.569312446745764,1312.4100341796875,2467.949951171875,169.30999755859375,81.50262451171875,,79.27999877929688,19.440000534057617,cut
2012-02-29,0.1,9809.8,2.51315402464134,1365.6800537109375,2623.10009765625,164.2899932861328,79.38594818115234,,78.7300033569336,18.43000030517578,cut
2012-03-31,0.13,9853.9,2.2980274721697835,1408.469970703125,2755.27001953125,162.1199951171875,76.02320098876953,,78.93000030517578,15.5,cut
2012-04-30,0.14,9907.7,1.9998487418563693,1397.9100341796875,2723.679931640625,161.8800048828125,79.6983413696289,,78.79000091552734,17.149999618530273,cut
2012-05-31,0.16,9951.4,1.5769404769598871,1310.3299560546875,2524.8701171875,151.6199951171875,86.89136505126953,,83.04000091552734,24.059999465942383,cut
2012-06-30,0.16,10021.6,1.5460196726963191,1362.1600341796875,2615.719970703125,155.19000244140625,85.43312072753906,,81.6500015258789,17.079999923706055,cut
2012-07-31,0.16,10074.5,1.4100261354958563,1379.3199462890625,2642.530029296875,156.49000549316406,88.69441223144531,,82.63999938964844,18.93000030517578,cut
2012-08-31,0.13,10145.6,1.51186746212284,1406.5799560546875,2772.239990234375,164.22000122070312,87.52459716796875,,81.25,17.469999313354492,cut
2012-09-30,0.14,10226.1,1.6779710051753494,1440.6700439453125,2799.18994140625,171.88999938964844,85.30782318115234,,79.94000244140625,15.729999542236328,cut
2012-10-31,0.16,10292.4,1.9768774978838444,1412.1600341796875,2647.919921875,166.8300018310547,84.89490509033203,,79.91999816894531,18.600000381469727,cut
2012-11-30,0.16,10361.9,1.6991017964071764,1416.1800537109375,2677.8798828125,166.0500030517578,85.87903594970703,,80.1500015258789,15.869999885559082,cut
2012-12-31,0.16,10484.1,1.6243828413875503,1426.18994140625,2660.929931640625,162.02000427246094,83.74254608154297,,79.7699966430664,18.020000457763672,cut
2013-01-31,0.14,10508.1,1.470807506336924,1498.1099853515625,2731.530029296875,161.1999969482422,81.07513427734375,,79.20999908447266,14.279999732971191,cut
2013-02-28,0.15,10527.5,1.6046076681118793,1514.6800537109375,2738.580078125,153.0,82.07933044433594,,81.9800033569336,15.510000228881836,cut
2013-03-31,0.14,10583.8,1.276992915022701,1569.18994140625,2818.68994140625,154.4499969482422,81.7351303100586,,82.98999786376953,12.699999809265137,cut
2013-04-30,0.15,10611.3,1.0412253198881505,1597.5699462890625,2887.43994140625,142.77000427246094,85.56436157226562,,81.7300033569336,13.520000457763672,cut
2013-05-31,0.11,10646.1,1.2290301372187118,1630.739990234375,2981.760009765625,133.9199981689453,79.77941131591797,,83.37999725341797,16.299999237060547,cut
2013-06-30,0.09,10703.3,1.5055063976064709,1606.280029296875,2909.60009765625,119.11000061035156,77.16954803466797,,83.16999816894531,16.860000610351562,cut
2013-07-31,0.09,10742.8,1.5951128457492023,1685.72998046875,3090.18994140625,127.95999908447266,75.42713165283203,,81.44999694824219,13.449999809265137,cut
2013-08-31,0.08,10801.2,1.4047883304264983,1632.969970703125,3073.81005859375,134.6199951171875,74.41606903076172,,82.08999633789062,17.010000228881836,cut
2013-09-30,0.08,10862.0,1.1412854478201728,1681.550048828125,3218.199951171875,128.17999267578125,74.9011459350586,,80.22000122070312,16.600000381469727,cut
2013-10-31,0.09,10986.3,0.9761069199571092,1756.5400390625,3377.72998046875,127.73999786376952,75.97250366210938,,80.19999694824219,13.75,cut
2013-11-30,0.08,10995.6,1.1954704602088029,1805.81005859375,3487.820068359375,120.6999969482422,73.91875457763672,,80.68000030517578,13.699999809265137,cut
2013-12-31,0.09,11060.1,1.3881001955959429,1848.3599853515625,3592.0,116.12000274658205,72.5367431640625,,80.04000091552734,13.720000267028809,cut
2014-01-31,0.07,11130.8,1.4054054054054133,1782.5899658203125,3521.919921875,120.08999633789062,77.10853576660156,,81.2699966430664,18.40999984741211,cut
2014-02-28,0.07,11196.8,1.0939820528374389,1859.449951171875,3696.10009765625,127.62000274658205,77.51261901855469,,79.77999877929688,14.0,cut
2014-03-31,0.08,11232.6,1.38970341823057,1872.3399658203125,3595.739990234375,123.61000061035156,78.0801773071289,,80.0999984741211,13.880000114440918,cut
2014-04-30,0.09,11277.7,1.6731138157687786,1883.949951171875,3582.02001953125,124.22000122070312,79.71612548828125,,79.48999786376953,13.40999984741211,cut
2014-05-31,0.09,11342.8,1.7661662878033946,1923.5699462890625,3736.820068359375,120.43000030517578,82.06736755371094,,80.37000274658203,11.399999618530272,cut
2014-06-30,0.1,11398.1,1.6514586142380772,1960.22998046875,3849.47998046875,128.0399932861328,81.86116027832031,,79.77999877929688,11.56999969482422,cut
2014-07-31,0.09,11453.0,1.6692416903290486,1930.6700439453125,3892.5,123.38999938964844,82.40483093261719,,81.45999908447266,16.950000762939453,cut
2014-08-31,0.09,11477.3,1.5062438759980925,2003.3699951171875,4082.56005859375,123.86000061035156,86.29742431640625,,82.75,12.09000015258789,cut
2014-09-30,0.09,11519.1,1.497249312328086,1972.2900390625,4049.449951171875,116.20999908447266,84.47453308105469,386.9440002441406,85.94000244140625,16.309999465942383,cut
2014-10-31,0.09,11593.1,1.3329448612426242,2018.050048828125,4158.2099609375,112.66000366210938,86.8554916381836,338.3210144042969,86.87999725341797,14.029999732971191,cut
2014-11-30,0.09,11634.2,1.0857594081832067,2067.56005859375,4337.7900390625,112.11000061035156,89.43286895751953,378.0469970703125,88.36000061035156,13.329999923706056,cut
2014-12-31,0.12,11717.6,0.7322588005891362,2058.89990234375,4236.27978515625,113.58000183105467,92.34062957763672,320.1929931640625,90.2699966430664,19.200000762939453,cut
2015-01-31,0.11,11805.2,0.0414018672242111,1994.989990234375,4148.43017578125,123.4499969482422,101.40452575683594,217.4640045166016,94.8000030517578,20.96999931335449,cut
2015-02-28,0.11,11922.8,0.1707014276846719,2104.5,4440.669921875,116.16000366210938,95.17998504638672,254.26300048828125,95.25,13.34000015258789,cut
2015-03-31,0.11,11920.5,0.1993492743892932,2067.889892578125,4333.68994140625,113.66000366210938,96.21957397460938,244.2239990234375,98.36000061035156,15.289999961853027,cut
2015-04-30,0.12,11954.6,0.110324064049827,2085.510009765625,4414.25,113.47000122070312,92.92391204833984,236.1450042724609,94.5999984741211,14.550000190734863,cut
2015-05-31,0.12,11982.6,0.1852862157349033,2107.389892578125,4508.25,114.0999984741211,90.71927642822266,230.19000244140625,96.91000366210938,13.84000015258789,cut
2015-06-30,0.13,12023.2,0.2704286757220897,2063.110107421875,4396.759765625,112.37000274658205,87.02519226074219,263.0719909667969,95.48999786376952,18.229999542236328,cut
2015-07-31,0.13,12067.0,0.2197328295222345,2103.840087890625,4588.91015625,104.93000030517578,90.98136901855467,284.6499938964844,97.37000274658205,12.119999885559082,cut
2015-08-31,0.14,12112.0,0.2392713007937974,1972.1800537109373,4274.580078125,108.81999969482422,90.35401916503906,230.0559997558593,95.9499969482422,28.43000030517578,cut
2015-09-30,0.14,12173.9,0.0656996499440509,1920.030029296875,4181.06005859375,106.86000061035156,92.13121795654295,236.0599975585937,96.3499984741211,24.5,cut
2015-10-31,0.12,12225.2,0.0954982337961096,2079.360107421875,4648.830078125,109.3000030517578,91.75455474853516,314.1659851074219,96.9499969482422,15.06999969482422,cut
2015-11-30,0.12,12317.0,0.2538775426298434,2080.409912109375,4664.509765625,101.91999816894533,90.95845794677734,377.3210144042969,100.16999816894533,16.1299991607666,cut
2015-12-31,0.24,12387.9,0.3459637561779249,2043.93994140625,4593.27001953125,101.45999908447266,90.68812561035156,430.5669860839844,98.62999725341795,18.209999084472656,hike
2016-01-31,0.34,12518.5,0.8711486332691809,1940.239990234375,4279.169921875,106.9499969482422,95.74224090576172,368.7669982910156,99.61000061035156,20.200000762939453,hike
2016-02-29,0.38,12603.9,0.640330493157748,1932.22998046875,4201.1201171875,118.63999938964844,98.6968002319336,437.6969909667969,98.20999908447266,20.549999237060547,hike
2016-03-31,0.36,12661.8,0.6855104733630268,2059.739990234375,4483.66015625,117.63999938964844,98.60474395751952,416.72900390625,94.58999633789062,13.949999809265137,hike
2016-04-30,0.37,12743.2,0.9259068531526138,2065.300048828125,4341.2998046875,123.6500015258789,97.8784408569336,448.3179931640625,93.08000183105467,15.699999809265137,hike
2016-05-31,0.37,12802.0,0.8486853596638255,2096.949951171875,4523.89013671875,116.05999755859376,98.66680145263672,531.385986328125,95.88999938964844,14.1899995803833,hike
2016-06-30,0.38,12852.5,0.8296074490339977,2098.860107421875,4417.7001953125,126.47000122070312,105.50858306884766,673.3369750976562,96.13999938964844,15.630000114440918,hike
2016-07-31,0.39,12911.9,0.7550842682239489,2173.60009765625,4730.22998046875,128.97999572753906,107.72688293457033,624.6810302734375,95.52999877929688,11.869999885559082,hike
2016-08-31,0.4,12989.7,0.8882104659263312,2170.949951171875,4771.0498046875,124.77999877929688,106.6351089477539,575.4719848632812,96.0199966430664,13.420000076293944,hike
2016-09-30,0.4,13054.9,1.2197749212634612,2168.27001953125,4875.7001953125,125.63999938964844,105.0265884399414,609.7349853515625,95.45999908447266,13.289999961853027,hike
2016-10-31,0.4,13122.8,1.427003293084517,2126.14990234375,4801.27001953125,121.94000244140624,100.42577362060548,700.9719848632812,98.4499969482422,17.059999465942383,hike
2016-11-30,0.41,13208.7,1.3974040886628902,2198.81005859375,4810.81005859375,111.75,92.17705535888672,745.6909790039062,101.5,13.329999923706056,hike
2016-12-31,0.54,13234.9,1.6571581021178838,2238.830078125,4863.6201171875,109.61000061035156,91.75067901611328,963.7429809570312,102.38999938964844,14.039999961853027,hike
2017-01-31,0.65,13315.7,2.0052104701731244,2278.8701171875,5116.77001953125,115.5500030517578,92.49768829345705,970.4030151367188,99.51000213623048,11.989999771118164,hike
2017-02-28,0.66,13394.8,2.1971368464261958,2363.639892578125,5330.31005859375,119.2300033569336,93.96345520019533,1179.969970703125,101.12000274658205,12.920000076293944,hike
2017-03-31,0.79,13463.6,1.9063610209576696,2362.719970703125,5436.22998046875,118.72000122070312,93.34783935546876,1071.7900390625,100.3499984741211,12.369999885559082,hike
2017-04-30,0.9,13521.7,1.76747318686028,2384.199951171875,5583.52978515625,120.7699966430664,94.81643676757812,1347.8900146484375,99.0500030517578,10.81999969482422,hike
2017-05-31,0.91,13568.9,1.557772049759043,2411.800048828125,5788.7998046875,120.62000274658205,96.60645294189452,2286.409912109375,96.91999816894533,10.40999984741211,hike
2017-06-30,1.04,13580.5,1.4655479277905004,2423.409912109375,5646.919921875,118.0199966430664,97.37142944335938,2480.840087890625,95.66000366210938,11.18000030517578,hike
2017-07-31,1.15,13643.1,1.4856317748266346,2470.300048828125,5880.330078125,120.75,96.73040008544922,2875.340087890625,92.86000061035156,10.260000228881836,hike
2017-08-31,1.16,13697.7,1.5719087318108338,2471.64990234375,5988.60009765625,125.81999969482422,100.02767181396484,4703.39013671875,92.66999816894533,10.59000015258789,hike
2017-09-30,1.15,13745.1,1.757444307056133,2519.360107421875,5979.2998046875,121.58000183105467,97.70409393310548,4338.7099609375,93.08000183105467,9.510000228881836,hike
2017-10-31,1.15,13800.1,1.6820407007323013,2575.260009765625,6248.56005859375,120.66999816894533,97.66644287109376,6468.39990234375,94.5500030517578,10.18000030517578,hike
2017-11-30,1.16,13843.5,1.7937129048240186,2647.580078125,6365.56005859375,121.0999984741211,98.39227294921876,10233.599609375,93.01000213623048,11.279999732971191,hike
2017-12-31,1.3,13881.7,1.7664099484208329,2673.610107421875,6396.419921875,123.6500015258789,100.17571258544922,14156.400390625,92.12000274658205,11.039999961853027,hike
2018-01-31,1.41,13900.3,1.7576494957315614,2823.81005859375,6949.990234375,127.6500015258789,96.91448211669922,10221.099609375,89.12999725341797,13.539999961853027,hike
2018-02-28,1.42,13949.3,1.8376076958608545,2713.830078125,6854.419921875,125.0,93.96687316894533,10397.900390625,90.61000061035156,19.850000381469727,hike
2018-03-31,1.51,14012.7,1.998292058070028,2640.8701171875,6581.1298828125,125.79000091552734,96.6540069580078,6973.52978515625,90.1500015258789,19.96999931335449,hike
2018-04-30,1.69,14035.9,2.0466282276259795,2648.050048828125,6605.56982421875,124.58999633789062,94.63570404052734,9240.5498046875,91.83999633789062,15.93000030517578,hike
2018-05-31,1.7,14092.4,2.2662065367869744,2705.27001953125,6967.72998046875,123.0999984741211,96.5325927734375,7494.169921875,93.98999786376952,15.43000030517578,hike
2018-06-30,1.82,14137.2,2.268307840346395,2718.3701171875,7040.7998046875,118.6500015258789,97.15599822998048,6404.0,94.62999725341795,16.09000015258789,hike
2018-07-31,1.91,14174.6,2.338607055900121,2816.2900390625,7231.97998046875,115.98999786376952,95.7599868774414,7780.43994140625,94.48999786376952,12.829999923706056,hike
2018-08-31,1.91,14223.2,2.180411288951989,2901.52001953125,7654.5498046875,113.51000213623048,97.0163803100586,7037.580078125,95.13999938964844,12.859999656677246,hike
2018-09-30,1.95,14245.5,2.009960159362545,2913.97998046875,7627.64990234375,112.76000213623048,94.23756408691406,6625.56005859375,95.19000244140624,12.119999885559082,hike
2018-10-31,2.19,14256.6,2.053098049357893,2711.739990234375,6967.10009765625,115.1500015258789,91.47591400146484,6317.60986328125,97.12999725341795,21.229999542236328,hike
2018-11-30,2.2,14282.8,1.9418922274646144,2760.169921875,6949.009765625,115.54000091552734,93.11077880859376,4017.2685546875,97.2699966430664,18.06999969482422,hike
2018-12-31,2.27,14386.8,1.8646908878110715,2506.85009765625,6329.97021484375,121.25,98.56103515625,3742.700439453125,96.16999816894533,25.420000076293945,neutral
2019-01-31,2.4,14459.7,1.4318323303589953,2704.10009765625,6906.83984375,124.75,98.93411254882812,3457.792724609375,95.58000183105467,16.56999969482422,neutral
2019-02-28,2.4,14506.3,1.4001735426362627,2784.489990234375,7097.52978515625,123.98999786376952,97.57239532470705,3854.785400390625,96.16000366210938,14.779999732971191,neutral
2019-03-31,2.41,14557.5,1.5218076513927814,2834.39990234375,7378.77001953125,122.01000213623048,103.0088119506836,4105.404296875,97.27999877929688,13.710000038146973,neutral
2019-04-30,2.42,14594.7,1.5663384627478738,2945.830078125,7781.4599609375,121.1999969482422,100.95782470703124,5350.7265625,97.4800033569336,13.119999885559082,neutral
2019-05-31,2.39,14704.4,1.4655536045359518,2752.06005859375,7127.9599609375,123.33000183105467,107.86253356933594,8574.501953125,97.75,18.709999084472656,neutral
2019-06-30,2.38,14802.8,1.4260651383430245,2941.760009765625,7671.080078125,133.1999969482422,108.88738250732422,10817.1552734375,96.12999725341795,15.079999923706056,neutral
2019-07-31,2.4,14886.8,1.4539295260287632,2980.3798828125,7848.77978515625,133.2100067138672,109.16667938232422,10085.6279296875,98.5199966430664,16.1200008392334,cut
2019-08-31,2.13,14974.4,1.4304164057608038,2926.4599609375,7691.0,143.75,121.22857666015624,9630.6640625,98.91999816894533,18.979999542236328,cut
2019-09-30,2.04,15047.0,1.2839539924622612,2976.739990234375,7749.4501953125,138.8699951171875,117.97977447509766,8293.8681640625,99.37999725341795,16.239999771118164,cut
2019-10-31,1.83,15184.1,1.2885618207514993,3037.56005859375,8083.830078125,142.42999267578125,116.66651916503906,9199.5849609375,97.3499984741211,13.220000267028809,cut
2019-11-30,1.55,15296.0,1.3582773068303575,3140.97998046875,8403.6796875,137.86000061035156,116.1915283203125,7569.6298828125,98.2699966430664,12.619999885559082,cut
2019-12-31,1.55,15347.5,1.5637627676458932,3230.780029296875,8733.0703125,142.89999389648438,112.47630310058594,7193.59912109375,96.38999938964844,13.779999732971191,cut
2020-01-31,1.55,15427.1,1.7944821136310465,3225.52001953125,8991.509765625,149.3300018310547,121.12701416015624,9350.529296875,97.38999938964844,18.84000015258789,cut
2020-02-29,1.58,15493.4,1.689097203314005,2954.219970703125,8461.830078125,148.3800048828125,129.15347290039062,8599.5087890625,98.12999725341795,40.11000061035156,cut
2020-03-31,0.65,16033.0,1.1662090444265472,2584.590087890625,7813.5,148.0500030517578,137.38916015625,6438.64453125,99.0500030517578,53.540000915527344,cut
2020-04-30,0.05,17065.3,0.4624613003096023,2912.429931640625,9000.509765625,158.8000030517578,139.06393432617188,8658.5537109375,99.0199966430664,34.150001525878906,cut
2020-05-31,0.05,17932.9,0.4901629042393773,3044.31005859375,9555.5302734375,162.91000366210938,136.61367797851562,9461.05859375,98.33999633789062,27.51000022888184,cut
2020-06-30,0.08,18184.3,0.7595377063120967,3100.2900390625,10156.849609375,167.3699951171875,137.0736083984375,9137.9931640625,97.38999938964844,30.43000030517578,cut
2020-07-31,0.09,18335.4,0.9225840072571544,3271.1201171875,10905.8798828125,185.42999267578125,143.15296936035156,11323.466796875,93.48999786376952,24.459999084472656,cut
2020-08-31,0.1,18411.2,1.157519050834388,3500.31005859375,12110.7001953125,184.8300018310547,135.92869567871094,11680.8203125,92.13999938964844,26.40999984741211,cut
2020-09-30,0.09,18602.5,1.27635371578958,3363.0,11418.0595703125,177.1199951171875,136.98001098632812,10784.4912109375,93.88999938964844,26.3700008392334,cut
2020-10-31,0.09,18757.6,1.187486166844698,3269.9599609375,11052.9501953125,176.1999969482422,132.343017578125,13780.9951171875,94.04000091552734,38.02000045776367,cut
2020-11-30,0.09,18997.0,1.186264708144269,3621.6298828125,12268.3203125,166.6699981689453,134.54498291015625,19625.8359375,91.87000274658205,20.56999969482422,cut
2020-12-31,0.09,19115.7,1.334522131784066,3756.070068359375,12888.2802734375,178.36000061035156,132.8932647705078,29001.720703125,89.94000244140625,22.75,cut
2021-01-31,0.09,19379.0,1.5857976839888988,3714.239990234375,12925.3798828125,172.61000061035156,128.06558227539062,33114.359375,90.58000183105467,33.09000015258789,cut
2021-02-28,0.08,19641.8,1.8427318715156016,3811.14990234375,12909.4404296875,161.80999755859375,120.72359466552734,45137.76953125,90.93000030517578,27.950000762939453,cut
2021-03-31,0.07,19873.2,2.669006722866385,3972.889892578125,13091.4404296875,159.9600067138672,114.39134216308594,58918.83203125,93.2300033569336,19.39999961853028,cut
2021-04-30,0.07,20175.4,3.640285829850343,4181.169921875,13860.759765625,165.66000366210938,117.24551391601562,57750.17578125,91.27999877929688,18.61000061035156,cut
2021-05-31,0.06,20459.0,4.07246348925363,4204.10986328125,13686.509765625,178.3800048828125,117.24805450439452,37332.85546875,90.02999877929688,16.760000228881836,cut
2021-06-30,0.08,20477.1,4.306128320705871,4297.5,14554.7998046875,165.6300048828125,122.42937469482422,35040.8359375,92.44000244140624,15.829999923706056,cut
2021-07-31,0.1,20633.3,4.473216164011551,4395.259765625,14959.900390625,169.82000732421875,126.97964477539062,41626.1953125,92.16999816894533,18.239999771118164,cut
2021-08-31,0.09,20840.7,4.580909697720981,4522.68017578125,15582.509765625,169.69000244140625,126.54769897460938,47166.6875,92.62999725341795,16.479999542236328,cut
2021-09-30,0.08,20981.0,4.737428253233955,4307.5400390625,14689.6201171875,164.22000122070312,122.8689193725586,43790.89453125,94.25,23.13999938964844,cut
2021-10-31,0.08,21160.7,5.336135652537788,4605.3798828125,15850.4697265625,166.64999389648438,125.89767456054688,61318.95703125,94.12000274658205,16.260000228881836,cut
2021-11-30,0.08,21335.9,5.93019057933839,4567.0,16135.919921875,165.5,129.3868865966797,57005.42578125,95.98999786376952,27.190000534057617,cut
2021-12-31,0.08,21498.8,6.141969176624196,4766.18017578125,16320.080078125,170.9600067138672,126.78130340576172,46306.4453125,95.66999816894533,17.219999313354492,cut
2022-01-31,0.08,21650.0,6.272433512016362,4515.5498046875,14930.0498046875,168.08999633789062,121.8192138671875,38483.125,96.54000091552734,24.82999992370605,cut
2022-02-28,0.08,21724.8,6.545539906103293,4373.93994140625,14237.8095703125,178.3800048828125,119.82992553710938,43193.234375,96.70999908447266,30.14999961853028,cut
2022-03-31,0.2,21786.8,6.926410970164576,4530.41015625,14838.490234375,180.6499938964844,113.30592346191406,45538.67578125,98.30999755859376,20.559999465942383,hike
2022-04-30,0.33,21769.5,6.684755338326309,4131.93017578125,12854.7998046875,176.91000366210938,102.62812042236328,37714.875,102.95999908447266,33.400001525878906,hike
2022-05-31,0.77,21719.5,6.794545874740021,4132.14990234375,12642.099609375,171.13999938964844,100.31558227539062,31792.310546875,101.75,26.190000534057617,hike
2022-06-30,1.21,21651.2,7.243471864656126,3785.3798828125,11503.7197265625,168.4600067138672,99.0369873046875,19784.7265625,104.69000244140624,28.709999084472656,hike
2022-07-31,1.68,21652.8,6.750201361938935,4130.2900390625,12947.9697265625,164.10000610351562,101.44461059570312,23336.896484375,105.9000015258789,21.32999992370605,hike
2022-08-31,2.33,21638.2,6.6396775899483895,3955.0,12272.0302734375,159.27000427246094,96.82575225830078,20049.763671875,108.6999969482422,25.8700008392334,hike
2022-09-30,2.56,21536.5,6.667939000672507,3585.6201171875,10971.2197265625,154.6699981689453,88.85202026367188,19431.7890625,112.12000274658205,31.6200008392334,hike
2022-10-31,3.08,21461.5,6.461602354598139,3871.97998046875,11405.5703125,151.91000366210938,83.55253601074219,20495.7734375,111.52999877929688,25.8799991607666,hike
2022-11-30,3.78,21406.5,6.030493273542614,4080.110107421875,12030.0595703125,164.80999755859375,89.52742767333984,17168.56640625,105.9499969482422,20.57999992370605,hike
2022-12-31,4.1,21291.0,5.520050627946982,3839.5,10939.759765625,169.63999938964844,87.1817626953125,16547.49609375,103.5199966430664,21.670000076293945,hike
2023-01-31,4.33,21279.4,5.507734586232882,4076.60009765625,12101.9296875,179.41000366210938,93.84561920166016,23139.283203125,102.0999984741211,19.39999961853028,hike
2023-02-28,4.57,21242.9,5.197803844154003,3970.14990234375,12042.1201171875,169.77999877929688,89.29358673095703,23147.353515625,104.87000274658205,20.700000762939453,hike
2023-03-31,4.65,20946.8,4.428273156924578,4109.31005859375,13181.349609375,183.22000122070312,93.61479949951172,28478.484375,102.51000213623048,18.700000762939453,hike
2023-04-30,4.83,20761.4,4.476012960317743,4169.47998046875,13245.990234375,184.8000030517578,93.93158721923828,29268.806640625,101.66999816894533,15.779999732971191,hike
2023-05-31,5.06,20829.6,4.003462454014284,4179.830078125,14254.08984375,182.32000732421875,91.0992660522461,27219.658203125,104.31999969482422,17.940000534057617,hike
2023-06-30,5.08,20799.3,3.284521339529123,4450.3798828125,15179.2099609375,178.27000427246094,91.29704284667967,30477.251953125,102.91000366210938,13.59000015258789,hike
2023-07-31,5.12,20791.2,3.40904219289897,4588.9599609375,15757.0,182.3500061035156,88.97418975830078,29230.111328125,101.86000061035156,13.630000114440918,neutral
2023-08-31,5.33,20777.2,3.43205991996991,4507.66015625,15501.0703125,180.02000427246094,86.1785659790039,25931.47265625,103.62000274658205,13.56999969482422,neutral
2023-09-30,5.33,20747.8,3.4488928270185903,4288.0498046875,14715.240234375,171.4499969482422,79.32638549804688,26967.916015625,106.16999816894533,17.520000457763672,neutral
2023-10-31,5.33,20732.9,3.0232617305099296,4193.7998046875,14409.7802734375,184.08999633789065,74.99263000488281,34667.78125,106.66000366210938,18.13999938964844,neutral
2023-11-30,5.33,20746.5,2.7650899986466198,4567.7998046875,15947.8701171875,188.75,82.434814453125,37712.74609375,103.5,12.920000076293944,neutral
2023-12-31,5.33,20777.9,2.7672658467360334,4769.830078125,16825.9296875,191.1699981689453,89.59490203857422,42265.1875,101.33000183105467,12.449999809265137,neutral
2024-01-31,5.33,20843.9,2.6987514493606035,4845.64990234375,17137.240234375,188.4499969482422,87.58338165283203,42582.60546875,103.2699966430664,14.350000381469728,neutral
2024-02-29,5.33,20927.4,2.705057426970159,5096.27001953125,18043.849609375,189.3099975585937,85.6108169555664,61198.3828125,104.16000366210938,13.399999618530272,neutral
2024-03-31,5.33,20973.9,2.927939232712617,5254.35009765625,18254.689453125,205.72000122070312,86.28103637695312,71333.6484375,104.5500030517578,13.010000228881836,neutral
2024-04-30,5.33,20959.7,2.826154012888593,5035.68994140625,17440.689453125,211.8699951171875,80.71121978759766,60636.85546875,106.22000122070312,15.649999618530272,neutral
2024-05-31,5.33,21020.6,2.6616729088639213,5277.509765625,18536.650390625,215.3000030517578,83.04131317138672,67491.4140625,104.66999816894533,12.920000076293944,neutral
2024-06-30,5.33,21068.4,2.548373440470164,5460.47998046875,19682.869140625,215.009994506836,84.55030822753906,62678.29296875,105.87000274658205,12.4399995803833,neutral
2024-07-31,5.33,21095.3,2.594376777467322,5522.2998046875,19362.4296875,226.5500030517578,87.61942291259766,64619.25,104.0999984741211,16.360000610351562,neutral
2024-08-31,5.33,21186.8,2.412994957427461,5648.39990234375,19574.640625,231.2899932861328,89.46927642822266,58969.8984375,101.6999969482422,15.0,neutral
2024-09-30,5.13,21269.5,2.260766436883843,5762.47998046875,20060.689453125,243.0599975585937,91.25814819335938,63329.5,100.77999877929688,16.729999542236328,cut
2024-10-31,4.83,21331.9,2.4776925356425616,5705.4501953125,19890.419921875,253.509994506836,86.2801284790039,70215.1875,103.9800033569336,23.15999984741211,cut
2024-11-30,4.64,21452.2,2.5878034125423,6032.3798828125,20930.369140625,245.58999633789065,87.99472045898438,96449.0546875,105.73999786376952,13.510000228881836,cut
2024-12-31,4.48,21485.9,2.7280946901200087,5881.6298828125,21012.169921875,242.1300048828125,82.37975311279297,93429.203125,108.48999786376952,17.350000381469727,cut
2025-01-31,4.33,21548.1,2.607379530393517,6040.52978515625,21478.05078125,258.5599975585937,82.78536987304688,102405.0234375,108.37000274658205,16.43000030517578,cut
2025-02-28,4.33,21613.5,2.710484673485713,5954.5,20884.41015625,263.2699890136719,87.50172424316406,84373.0078125,107.61000061035156,19.6299991607666,cut
2025-03-31,4.33,21693.6,2.3594336708984365,5611.85009765625,19278.44921875,288.1400146484375,86.44762420654297,82548.9140625,104.20999908447266,22.280000686645508,cut
2025-04-30,4.33,21775.6,2.2774259978433964,5569.06005859375,19571.01953125,303.7699890136719,85.27152252197266,94207.3125,99.47000122070312,24.700000762939453,cut
2025-05-31,4.33,21833.9,2.458086065440868,5911.68994140625,21340.990234375,303.6000061035156,82.5337905883789,104638.09375,99.33000183105467,18.56999969482422,cut
2025-06-30,4.33,21938.8,2.5935129797068024,6204.9501953125,22679.009765625,304.8299865722656,84.73251342773438,107135.3359375,96.87999725341795,16.729999542236328,cut
2025-07-31,4.33,22020.0,2.605547294239341,6339.39013671875,23218.119140625,302.9599914550781,83.7668685913086,115758.203125,100.02999877929688,16.719999313354492,cut
2025-08-31,4.33,22087.0,2.7476208541517,6460.259765625,23415.419921875,318.07000732421875,83.77749633789062,108236.7109375,97.7699966430664,15.359999656677246,cut
2025-09-30,4.22,22170.3,2.787442414870656,6688.4599609375,24679.990234375,355.4700012207031,86.78593444824219,114056.0859375,97.7699966430664,16.280000686645508,cut
2025-10-31,4.09,22245.1,2.7125805259691216,6840.2001953125,25858.130859375,368.1199951171875,87.98451232910156,109556.1640625,99.8000030517578,17.440000534057617,cut
2025-11-30,3.88,22277.5,2.8201898312699925,6849.08984375,25434.890625,387.8800048828125,88.22412109375,90394.3125,99.45999908447266,16.350000381469727,cut
2025-12-31,3.72,22353.6,2.878083518031027,6845.5,25249.849609375,396.30999755859375,85.87860107421875,87508.828125,98.27999877929688,14.949999809265137,neutral
2026-01-31,3.64,22429.3,2.856869483403357,6939.02978515625,25552.390625,444.9500122070313,85.84903717041016,78621.1171875,96.98999786376952,17.440000534057617,neutral
2026-02-28,3.64,22627.3,2.829551861881652,6878.8798828125,24960.0390625,483.75,89.82706451416016,66995.859375,97.61000061035156,19.86000061035156,neutral
2026-03-31,3.64,22686.0,3.496081498479442,6528.52001953125,23740.189453125,430.2900085449219,86.02733612060547,68233.3125,99.95999908447266,25.25,neutral
2026-04-30,3.64,,,7209.009765625,27452.119140625,423.6600036621094,85.30500030517578,76304.3203125,98.08000183105467,16.889999389648438,neutral
2026-05-31,,,,7403.009765625,29132.0546875,430.4406127929688,84.78500366210938,79750.0,98.51799774169922,18.13999938964844,neutral
